,url,match-id,date,event,team1,team1score,team1-id,team2,team2-id,team2score,match_type,match_stage,player0_id,player0_rating,player0_kd,player1_id,player1_rating,player1_kd,player2_id,player2_rating,player2_kd,player3_id,player3_rating,player3_kd,player4_id,player4_rating,player4_kd,player5_id,player5_rating,player5_kd,player6_id,player6_rating,player6_kd,player7_id,player7_rating,player7_kd,player8_id,player8_rating,player8_kd,player9_id,player9_rating,player9_kd,team1_Ranking,team2_Ranking
0,https://hltv.org/matches/2370784/imperial-vs-pain-global-esports-tour-rio-2024,2370784,2024-04-20,,Imperial,1,9455,paiN,4773,2,Best of 3 (LAN),* Grand final,9219,1.18,1.13,8565,1.12,1.19,22564,1.12,1.06,20183,1.09,1.12,12822,1.01,0.91,18141,1.13,1.01,19694,1.10,1.22,20563,1.10,1.01,20085,1.02,0.99,22126,0.97,0.91,18,16
1,https://hltv.org/matches/2370783/pain-vs-mibr-global-esports-tour-rio-2024,2370783,2024-04-19,,paiN,2,4773,MIBR,9215,0,Best of 3 (LAN),* Consolidation final,18141,1.13,1.01,19694,1.10,1.22,20563,1.10,1.01,20085,1.02,0.99,22126,0.97,0.91,21037,1.22,1.19,11154,1.16,1.16,18835,1.14,1.16,19750,1.13,1.10,20987,1.13,1.07,16,30
2,https://hltv.org/matches/2370782/mibr-vs-og-global-esports-tour-rio-2024,2370782,2024-04-19,,MIBR,2,9215,OG,10503,1,Best of 3 (LAN),* Lower bracket final,21037,1.22,1.19,11154,1.16,1.16,18835,1.14,1.16,19750,1.13,1.10,20987,1.13,1.07,20447,1.16,1.14,20872,1.00,0.88,19044,1.00,0.91,12781,0.90,0.74,,,,30,34
3,https://hltv.org/matches/2370781/imperial-vs-pain-global-esports-tour-rio-2024,2370781,2024-04-19,,Imperial,2,9455,paiN,4773,1,Best of 3 (LAN),* Upper bracket final,9219,1.18,1.13,8565,1.12,1.19,22564,1.12,1.06,20183,1.09,1.12,12822,1.01,0.91,18141,1.13,1.01,19694,1.10,1.22,20563,1.10,1.01,20085,1.02,0.99,22126,0.97,0.91,18,16
4,https://hltv.org/matches/2370780/9z-vs-og-global-esports-tour-rio-2024,2370780,2024-04-19,,9z,0,9996,OG,10503,2,Best of 3 (LAN),* Lower bracket semi-final,14736,1.17,1.17,21239,1.17,1.22,12092,1.06,0.98,22613,1.05,1.03,20607,0.93,0.85,20447,1.16,1.14,20872,1.00,0.88,19044,1.00,0.91,12781,0.90,0.74,,,,43,34
5,https://hltv.org/matches/2370779/mibr-vs-furia-global-esports-tour-rio-2024,2370779,2024-04-19,,MIBR,2,9215,FURIA,8297,0,Best of 3 (LAN),* Lower bracket semi-final,21037,1.22,1.19,11154,1.16,1.16,18835,1.14,1.16,19750,1.13,1.10,20987,1.13,1.07,15631,1.15,1.16,12553,1.12,1.07,2023,1.07,1.11,10566,1.01,0.93,,,,30,14
6,https://hltv.org/matches/2370777/monte-vs-og-global-esports-tour-rio-2024,2370777,2024-04-19,,Monte,1,11811,OG,10503,2,Best of 3 (LAN),* Lower bracket round 1,16885,1.14,1.16,19733,1.14,1.10,21816,1.04,0.94,20282,1.01,0.92,21217,0.94,0.88,20447,1.16,1.15,19044,1.02,0.95,20872,1.00,0.87,12781,0.90,0.75,,,,27,34
7,https://hltv.org/matches/2370778/metizport-vs-furia-global-esports-tour-rio-2024,2370778,2024-04-18,,Metizport,1,11641,FURIA,8297,2,Best of 3 (LAN),* Lower bracket round 1,20119,1.19,1.19,20878,1.10,1.01,21163,1.08,0.99,16486,1.01,0.94,13669,1.01,0.97,15631,1.15,1.15,12553,1.13,1.07,2023,1.09,1.14,10566,1.03,0.96,,,,33,14
8,https://hltv.org/matches/2370776/pain-vs-mibr-global-esports-tour-rio-2024,2370776,2024-04-18,,paiN,13,4773,MIBR,9215,9,Best of 1 (LAN),* Upper bracket semi-final,18141,1.13,1.01,19694,1.11,1.23,20563,1.11,1.01,20085,1.03,1.00,22126,0.99,0.95,21037,1.21,1.19,11154,1.16,1.17,20987,1.14,1.10,18835,1.14,1.17,19750,1.11,1.08,16,30
9,https://hltv.org/matches/2370775/imperial-vs-9z-global-esports-tour-rio-2024,2370775,2024-04-18,,Imperial,13,9455,9z,9996,6,Best of 1 (LAN),* Upper bracket semi-final,9219,1.19,1.14,8565,1.12,1.20,22564,1.11,1.04,20183,1.10,1.14,12822,1.02,0.92,21239,1.18,1.24,14736,1.17,1.17,22613,1.05,1.04,12092,1.05,0.97,20607,0.93,0.84,18,43
10,https://hltv.org/matches/2370774/mibr-vs-og-global-esports-tour-rio-2024,2370774,2024-04-17,,MIBR,13,9215,OG,10503,4,Best of 1 (LAN),* Upper bracket quarter-final,21037,1.21,1.18,18835,1.15,1.20,11154,1.13,1.12,20987,1.13,1.07,19750,1.10,1.07,20447,1.16,1.16,19044,1.01,0.94,20872,1.01,0.88,12781,0.91,0.75,,,,30,34
11,https://hltv.org/matches/2370773/furia-vs-9z-global-esports-tour-rio-2024,2370773,2024-04-17,,FURIA,6,8297,9z,9996,13,Best of 1 (LAN),* Upper bracket quarter-final,15631,1.15,1.16,12553,1.12,1.07,2023,1.09,1.15,10566,1.02,0.95,,,,21239,1.19,1.28,14736,1.18,1.20,12092,1.07,0.99,22613,1.05,1.04,20607,0.93,0.83,14,43
12,https://hltv.org/matches/2370772/imperial-vs-metizport-global-esports-tour-rio-2024,2370772,2024-04-17,,Imperial,13,9455,Metizport,11641,11,Best of 1 (LAN),* Upper bracket quarter-final,9219,1.20,1.15,8565,1.14,1.22,20183,1.11,1.16,22564,1.10,1.04,12822,1.02,0.93,20119,1.19,1.19,20878,1.10,1.00,21163,1.09,1.00,16486,1.02,0.94,13669,1.01,0.96,18,33
13,https://hltv.org/matches/2370771/monte-vs-pain-global-esports-tour-rio-2024,2370771,2024-04-17,,Monte,14,11811,paiN,4773,16,Best of 1 (LAN),* Upper bracket quarter-final,16885,1.14,1.15,19733,1.13,1.09,21816,1.03,0.93,20282,1.01,0.93,21217,0.95,0.90,18141,1.15,1.03,20563,1.11,1.00,19694,1.10,1.23,22126,1.03,1.01,20085,1.01,0.98,27,16
0,https://hltv.org/matches/2370931/mouz-vs-faze-iem-chengdu-2024,2370931,2024-04-13,,MOUZ,0,4494,FaZe,6667,2,Best of 3 (LAN),* Grand final,18850,1.17,1.25,13666,1.12,1.01,18072,1.10,1.17,20312,1.09,1.00,16820,0.90,0.80,9960,1.19,1.19,18053,1.18,1.27,11816,1.12,1.18,8183,1.06,0.95,429,0.91,0.79,6,1
1,https://hltv.org/matches/2370930/astralis-vs-faze-iem-chengdu-2024,2370930,2024-04-12,,Astralis,1,6665,FaZe,6667,2,Best of 3 (LAN),* Semi-final,10994,1.12,1.06,7592,1.11,1.14,20304,1.09,1.05,16717,1.05,0.96,17956,1.02,0.98,9960,1.19,1.19,18053,1.18,1.26,11816,1.12,1.18,8183,1.06,0.95,429,0.92,0.79,25,1
2,https://hltv.org/matches/2370929/mouz-vs-g2-iem-chengdu-2024,2370929,2024-04-12,,MOUZ,2,4494,G2,5995,1,Best of 3 (LAN),* Semi-final,18850,1.18,1.26,13666,1.13,1.02,18072,1.11,1.18,20312,1.10,1.01,16820,0.91,0.81,19230,1.37,1.55,3741,1.18,1.15,3972,1.02,0.96,9618,1.01,0.98,10096,0.93,0.80,6,5
3,https://hltv.org/matches/2370928/liquid-vs-faze-iem-chengdu-2024,2370928,2024-04-11,,Liquid,1,5973,FaZe,6667,2,Best of 3 (LAN),* Quarter-final,8520,1.23,1.25,10394,1.21,1.24,13915,1.10,0.98,18676,1.09,1.10,7964,1.06,1.08,9960,1.20,1.19,18053,1.17,1.25,11816,1.12,1.18,8183,1.05,0.94,429,0.92,0.80,37,1
4,https://hltv.org/matches/2370927/virtuspro-vs-g2-iem-chengdu-2024,2370927,2024-04-11,,Virtus.pro,0,5378,G2,5995,2,Best of 3 (LAN),* Quarter-final,12732,1.21,1.16,20101,1.13,1.06,13776,1.12,1.27,16612,1.07,0.99,8789,1.00,0.94,19230,1.38,1.56,3741,1.19,1.16,9618,1.02,1.00,3972,1.02,0.97,10096,0.93,0.80,9,5
5,https://hltv.org/matches/2370917/g2-vs-heroic-iem-chengdu-2024,2370917,2024-04-09,,G2,2,5995,HEROIC,7175,0,Best of 3 (LAN),"* Group A lower bracket final. Winner advances to playoff quarter-finals, losing team is eliminated.",19230,1.38,1.55,3741,1.19,1.16,9618,1.02,0.99,3972,1.02,0.96,10096,0.93,0.80,9436,1.14,1.10,12018,1.10,1.07,14148,1.07,1.02,13602,1.06,1.06,19677,1.00,0.93,5,11
6,https://hltv.org/matches/2370926/faze-vs-flyquest-iem-chengdu-2024,2370926,2024-04-09,,FaZe,2,6667,FlyQuest,12774,0,Best of 3 (LAN),"* Group B lower bracket final. Winner advances to playoff quarter-finals, losing team is eliminated.",9960,1.20,1.17,18053,1.16,1.23,11816,1.13,1.19,8183,1.05,0.94,429,0.94,0.82,11140,1.25,1.25,9115,1.07,1.01,17384,1.06,1.04,11139,1.00,1.00,10588,0.96,0.90,1,41
7,https://hltv.org/matches/2370918/liquid-vs-mouz-iem-chengdu-2024,2370918,2024-04-09,,Liquid,0,5973,MOUZ,4494,2,Best of 3 (LAN),"* Group A upper bracket final. Winner advances to playoff semi-finals, losing team goes to quarter-finals.",8520,1.25,1.29,10394,1.23,1.29,13915,1.12,1.01,18676,1.11,1.11,7964,1.07,1.09,18850,1.18,1.24,13666,1.14,1.03,18072,1.10,1.17,20312,1.08,1.01,16820,0.92,0.82,37,6
8,https://hltv.org/matches/2370925/virtuspro-vs-astralis-iem-chengdu-2024,2370925,2024-04-09,,Virtus.pro,0,5378,Astralis,6665,2,Best of 3 (LAN),"* Group B upper bracket final. Winner advances to playoff semi-finals, losing team goes to quarter-finals.",12732,1.21,1.17,13776,1.14,1.30,20101,1.12,1.06,16612,1.08,1.00,8789,1.01,0.95,7592,1.13,1.17,10994,1.12,1.08,20304,1.10,1.07,16717,1.06,1.00,17956,1.02,0.98,9,25
9,https://hltv.org/matches/2370923/flyquest-vs-nemiga-iem-chengdu-2024,2370923,2024-04-09,,FlyQuest,2,12774,Nemiga,7969,0,Best of 3 (LAN),* Group B lower bracket semi-final,11140,1.25,1.25,9115,1.07,1.01,17384,1.06,1.04,11139,1.00,1.00,10588,0.96,0.90,20994,1.23,1.16,23317,1.15,1.25,21266,1.11,1.03,22460,1.09,1.00,20387,1.08,1.01,41,46
10,https://hltv.org/matches/2370924/cloud9-vs-faze-iem-chengdu-2024,2370924,2024-04-09,,Cloud9,0,5752,FaZe,6667,2,Best of 3 (LAN),* Group B lower bracket semi-final,8918,1.15,1.07,8528,1.13,1.09,16947,1.12,1.20,16555,1.09,0.98,11840,1.08,1.00,9960,1.20,1.17,18053,1.16,1.23,11816,1.13,1.19,8183,1.05,0.94,429,0.94,0.82,7,1
11,https://hltv.org/matches/2370915/heroic-vs-furia-iem-chengdu-2024,2370915,2024-04-08,,HEROIC,2,7175,FURIA,8297,1,Best of 3 (LAN),* Group A lower bracket semi-final,9436,1.14,1.11,12018,1.11,1.08,14148,1.08,1.03,13602,1.07,1.07,19677,1.01,0.94,15631,1.15,1.17,12553,1.13,1.07,2023,1.09,1.15,10566,1.04,0.96,12521,1.01,0.90,11,15
12,https://hltv.org/matches/2370916/g2-vs-lynn-vision-iem-chengdu-2024,2370916,2024-04-08,,G2,2,5995,Lynn Vision,8840,0,Best of 3 (LAN),* Group A lower bracket semi-final,19230,1.37,1.54,3741,1.18,1.15,3972,1.02,0.96,9618,1.01,0.98,10096,0.93,0.80,20254,1.17,1.15,16551,1.12,1.02,20702,1.11,1.18,22922,1.08,1.06,18744,1.06,0.98,5,34
13,https://hltv.org/matches/2370919/astralis-vs-faze-iem-chengdu-2024,2370919,2024-04-08,,Astralis,2,6665,FaZe,6667,0,Best of 3 (LAN),* Group B upper bracket semi-final. Winner advances to playoffs.,7592,1.12,1.15,20304,1.11,1.07,10994,1.11,1.05,17956,1.00,0.95,16717,0.98,0.90,9960,1.17,1.13,18053,1.16,1.22,11816,1.12,1.19,8183,1.03,0.93,429,0.94,0.80,25,1
14,https://hltv.org/matches/2370920/steel-helmet-vs-nemiga-iem-chengdu-2024,2370920,2024-04-08,,Steel Helmet,0,11273,Nemiga,7969,2,Best of 3 (LAN),* Group B lower bracket round,8552,1.19,0.98,11574,1.06,0.96,7026,1.02,1.00,5187,1.02,0.95,14561,0.97,0.86,20994,1.26,1.19,23317,1.14,1.24,21266,1.11,1.02,20387,1.10,1.05,22460,1.09,1.00,,46
15,https://hltv.org/matches/2370921/flyquest-vs-virtuspro-iem-chengdu-2024,2370921,2024-04-08,,FlyQuest,1,12774,Virtus.pro,5378,2,Best of 3 (LAN),* Group B upper bracket semi-final. Winner advances to playoffs.,11140,1.22,1.24,10588,1.15,1.15,17384,1.13,1.18,9115,1.09,1.03,11139,1.06,1.09,12732,1.21,1.19,13776,1.15,1.33,20101,1.15,1.09,16612,1.09,1.01,8789,1.03,0.98,41,9
16,https://hltv.org/matches/2370922/cloud9-vs-wildcard-iem-chengdu-2024,2370922,2024-04-08,,Cloud9,2,5752,Wildcard,12257,0,Best of 3 (LAN),* Group B lower bracket round 1,8918,1.17,1.10,8528,1.14,1.11,16947,1.13,1.22,16555,1.09,0.98,11840,1.09,1.01,23100,1.36,1.40,21665,1.13,1.09,8711,1.08,1.02,19128,1.05,1.05,8507,0.98,0.87,7,49
17,https://hltv.org/matches/2370913/furia-vs-mouz-iem-chengdu-2024,2370913,2024-04-07,,FURIA,1,8297,MOUZ,4494,2,Best of 3 (LAN),* Group A upper bracket semi-final. Winner advances to playoffs.,15631,1.16,1.19,12553,1.13,1.09,2023,1.10,1.16,10566,1.04,0.97,12521,1.01,0.90,18850,1.16,1.22,13666,1.14,1.03,18072,1.11,1.17,20312,1.07,0.99,16820,0.93,0.84,15,6
18,https://hltv.org/matches/2370914/lynn-vision-vs-tyloo-iem-chengdu-2024,2370914,2024-04-07,,Lynn Vision,2,8840,TYLOO,4863,0,Best of 3 (LAN),* Group A lower bracket round 1,20254,1.18,1.17,16551,1.13,1.04,20702,1.12,1.20,22922,1.10,1.09,18744,1.06,0.99,19645,1.21,1.14,20895,1.19,1.13,8950,1.18,1.35,8600,0.86,0.73,24036,0.81,0.82,34,132
19,https://hltv.org/matches/2370911/g2-vs-liquid-iem-chengdu-2024,2370911,2024-04-07,,G2,1,5995,Liquid,5973,2,Best of 3 (LAN),* Group A upper bracket semi-final. Winner advances to playoffs.,19230,1.36,1.53,3741,1.17,1.14,9618,1.01,0.98,3972,1.00,0.94,10096,0.93,0.81,8520,1.25,1.30,10394,1.24,1.31,13915,1.13,1.02,18676,1.11,1.11,7964,1.08,1.11,5,37
20,https://hltv.org/matches/2370912/9z-vs-heroic-iem-chengdu-2024,2370912,2024-04-07,,9z,0,9996,HEROIC,7175,2,Best of 3 (LAN),* Group A lower bracket round 1,21239,1.19,1.27,14736,1.18,1.21,12092,1.07,0.99,22613,1.05,1.03,20607,0.93,0.83,9436,1.14,1.10,12018,1.11,1.08,14148,1.08,1.03,13602,1.07,1.08,19677,1.00,0.93,52,11
21,https://hltv.org/matches/2370909/faze-vs-nemiga-iem-chengdu-2024,2370909,2024-04-07,,FaZe,13,6667,Nemiga,7969,8,Best of 1 (LAN),* Group B upper bracket quarter-final,9960,1.19,1.16,18053,1.17,1.24,11816,1.13,1.19,8183,1.05,0.95,429,0.93,0.79,20994,1.24,1.16,23317,1.13,1.22,21266,1.10,1.01,20387,1.10,1.04,22460,1.08,0.97,1,46
22,https://hltv.org/matches/2370910/steel-helmet-vs-astralis-iem-chengdu-2024,2370910,2024-04-07,,Steel Helmet,2,11273,Astralis,6665,13,Best of 1 (LAN),* Group B upper bracket quarter-final,8552,1.19,0.98,11574,1.08,0.99,7026,1.05,1.04,5187,1.04,0.97,14561,1.01,0.92,7592,1.11,1.13,20304,1.10,1.06,10994,1.09,1.04,16717,0.99,1.75,17956,0.99,0.94,,25
23,https://hltv.org/matches/2370908/wildcard-vs-virtuspro-iem-chengdu-2024,2370908,2024-04-07,,Wildcard,1,12257,Virtus.pro,5378,13,Best of 1 (LAN),* Group B upper bracket quarter-final,23100,1.36,1.40,21665,1.13,1.09,8711,1.09,1.03,19128,1.06,1.06,8507,0.99,0.88,12732,1.21,1.19,20101,1.16,1.10,13776,1.14,1.33,16612,1.07,0.98,8789,1.03,0.97,49,9
24,https://hltv.org/matches/2370907/cloud9-vs-flyquest-iem-chengdu-2024,2370907,2024-04-07,,Cloud9,6,5752,FlyQuest,12774,13,Best of 1 (LAN),* Group B upper bracket quarter-final,8918,1.16,1.08,8528,1.12,1.08,16947,1.12,1.20,16555,1.09,0.98,11840,1.08,1.00,11140,1.58,2.08,9115,1.50,1.60,10588,1.47,1.58,11139,1.38,1.83,17384,1.14,1.28,7,41
25,https://hltv.org/matches/2370906/tyloo-vs-mouz-iem-chengdu-2024,2370906,2024-04-07,,TYLOO,11,4863,MOUZ,4494,13,Best of 1 (LAN),* Group A upper bracket quarter-final,19645,1.21,1.14,20895,1.19,1.13,8950,1.18,1.35,8600,0.86,0.73,24036,0.81,0.82,18850,1.16,1.22,13666,1.14,1.03,18072,1.11,1.17,20312,1.07,0.99,16820,0.93,0.84,132,6
26,https://hltv.org/matches/2370905/furia-vs-lynn-vision-iem-chengdu-2024,2370905,2024-04-07,,FURIA,13,8297,Lynn Vision,8840,9,Best of 1 (LAN),* Group A upper bracket quarter-final,15631,1.16,1.19,12553,1.13,1.09,2023,1.10,1.16,10566,1.04,0.97,12521,1.01,0.90,20254,1.18,1.17,16551,1.13,1.04,20702,1.12,1.20,22922,1.10,1.09,18744,1.06,0.99,15,34
27,https://hltv.org/matches/2370903/g2-vs-9z-iem-chengdu-2024,2370903,2024-04-07,,G2,13,5995,9z,9996,10,Best of 1 (LAN),* Group A upper bracket quarter-final,19230,1.36,1.53,3741,1.17,1.14,9618,1.01,0.98,3972,1.00,0.94,10096,0.93,0.81,21239,1.19,1.27,14736,1.18,1.21,12092,1.07,0.99,22613,1.05,1.03,20607,0.93,0.83,5,52
28,https://hltv.org/matches/2370904/liquid-vs-heroic-iem-chengdu-2024,2370904,2024-04-07,,Liquid,13,5973,HEROIC,7175,8,Best of 1 (LAN),* Group A upper bracket quarter-final,8520,1.25,1.30,10394,1.24,1.31,13915,1.13,1.02,18676,1.11,1.11,7964,1.08,1.11,9436,1.14,1.10,12018,1.11,1.08,14148,1.08,1.03,13602,1.07,1.08,19677,1.00,0.93,37,11
0,https://hltv.org/matches/2369507/faze-vs-spirit-iem-katowice-2024,2369507,2024-02-10,,FaZe,0,6667,Spirit,7020,3,Best of 5 (LAN),* Grand final,9960,1.16,1.14,11816,1.15,1.19,18053,1.08,1.10,8183,1.08,1.00,429,0.93,0.82,21167,1.49,1.51,16920,1.21,1.44,20423,1.13,1.06,18317,1.07,1.04,7716,0.99,0.93,2,14
1,https://hltv.org/matches/2369506/spirit-vs-falcons-iem-katowice-2024,2369506,2024-02-09,,Spirit,2,7020,Falcons,11283,0,Best of 3 (LAN),* Semi-final,21167,1.46,1.47,16920,1.20,1.40,20423,1.14,1.07,18317,1.07,1.05,7716,1.00,0.94,19164,1.13,1.19,9032,1.10,1.05,19763,1.09,1.05,11777,1.05,1.02,922,0.83,0.73,14,11
2,https://hltv.org/matches/2369505/mouz-vs-faze-iem-katowice-2024,2369505,2024-02-09,,MOUZ,0,4494,FaZe,6667,2,Best of 3 (LAN),* Semi-final,18850,1.13,1.23,13666,1.12,1.00,20312,1.07,0.99,18072,1.07,1.11,16820,0.94,0.85,9960,1.18,1.18,11816,1.15,1.19,18053,1.11,1.13,8183,1.11,1.02,429,0.94,0.83,5,2
3,https://hltv.org/matches/2369504/ence-vs-falcons-iem-katowice-2024,2369504,2024-02-08,,ENCE,1,4869,Falcons,11283,2,Best of 3 (LAN),* Quarter-final,16848,1.20,1.36,19114,1.06,1.00,15428,1.06,1.01,7412,0.99,0.92,16080,0.99,0.88,9032,1.12,1.07,19763,1.11,1.08,19164,1.11,1.14,11777,1.07,1.05,922,0.86,0.76,48,11
4,https://hltv.org/matches/2369503/faze-vs-g2-iem-katowice-2024,2369503,2024-02-08,,FaZe,2,6667,G2,5995,0,Best of 3 (LAN),* Quarter-final,9960,1.16,1.17,11816,1.16,1.21,18053,1.09,1.10,8183,1.07,0.97,429,0.94,0.83,19230,1.26,1.31,3741,1.13,1.11,3972,0.98,0.92,9618,0.96,0.89,10096,0.89,0.76,2,6
5,https://hltv.org/matches/2369502/heroic-vs-g2-iem-katowice-2024,2369502,2024-02-05,,HEROIC,0,7175,G2,5995,2,Best of 3 (LAN),* Group B lower bracket final. Winner advances to playoff quarter-finals.,9436,1.16,1.11,13602,1.14,1.18,12018,1.10,1.03,14148,1.05,0.97,19677,1.03,0.94,19230,1.26,1.32,3741,1.15,1.14,3972,0.98,0.91,9618,0.96,0.88,10096,0.90,0.78,31,6
6,https://hltv.org/matches/2369501/mouz-vs-ence-iem-katowice-2024,2369501,2024-02-05,,MOUZ,2,4494,ENCE,4869,0,Best of 3 (LAN),"* Group B upper bracket final. Winner advances to playoff semi-finals, losing team goes to quarter-finals.",13666,1.16,1.07,18850,1.13,1.22,20312,1.10,1.02,18072,1.08,1.11,16820,0.97,0.88,16848,1.14,1.27,19114,1.06,0.96,15428,1.04,0.99,7412,1.03,0.99,16080,1.00,0.92,5,48
7,https://hltv.org/matches/2369494/falcons-vs-natus-vincere-iem-katowice-2024,2369494,2024-02-05,,Falcons,2,11283,Natus Vincere,4608,0,Best of 3 (LAN),* Group A lower bracket final. Winner advances to playoff quarter-finals.,9032,1.14,1.08,19164,1.14,1.20,19763,1.09,1.06,11777,1.04,1.02,922,0.85,0.75,20127,1.18,1.33,18987,1.12,1.05,14759,1.11,1.07,19206,1.09,1.01,9816,0.93,0.81,11,3
8,https://hltv.org/matches/2369493/spirit-vs-faze-iem-katowice-2024,2369493,2024-02-05,,Spirit,2,7020,FaZe,6667,0,Best of 3 (LAN),"* Group A upper bracket final. Winner advances to playoff semi-finals, losing team goes to quarter-finals.",21167,1.45,1.45,16920,1.21,1.43,20423,1.12,1.06,18317,1.06,1.02,7716,1.00,0.94,11816,1.16,1.21,9960,1.15,1.16,18053,1.07,1.07,8183,1.06,0.98,429,0.94,0.83,14,2
9,https://hltv.org/matches/2369500/monte-vs-g2-iem-katowice-2024,2369500,2024-02-05,,Monte,1,11811,G2,5995,2,Best of 3 (LAN),* Group B lower bracket semi-final,12731,1.11,1.09,16885,1.07,1.03,20282,1.05,0.95,16717,1.04,0.98,19733,1.04,0.99,19230,1.26,1.32,3741,1.15,1.14,3972,0.98,0.91,9618,0.96,0.88,10096,0.90,0.78,9,6
10,https://hltv.org/matches/2369499/heroic-vs-gamerlegion-iem-katowice-2024,2369499,2024-02-05,,HEROIC,2,7175,GamerLegion,9928,1,Best of 3 (LAN),* Group B lower bracket semi-final,9436,1.16,1.11,13602,1.14,1.18,12018,1.10,1.03,14148,1.05,0.97,19677,1.03,0.94,10330,1.02,1.01,20358,1.00,0.92,2553,0.98,0.92,17937,0.95,0.86,15117,0.90,0.82,31,19
11,https://hltv.org/matches/2369492/natus-vincere-vs-eternal-fire-iem-katowice-2024,2369492,2024-02-04,,Natus Vincere,2,4608,Eternal Fire,11251,1,Best of 3 (LAN),* Group A lower bracket semi-final,20127,1.17,1.33,18987,1.14,1.07,14759,1.11,1.07,19206,1.10,1.03,9816,0.93,0.81,7938,1.27,1.17,21243,1.16,1.09,8574,1.09,1.11,8575,1.03,1.01,150,0.97,0.94,3,15
12,https://hltv.org/matches/2369491/complexity-vs-falcons-iem-katowice-2024,2369491,2024-02-04,,Complexity,1,5005,Falcons,11283,2,Best of 3 (LAN),* Group A lower bracket semi-final,8738,1.23,1.18,12840,1.06,1.11,12713,1.06,0.98,13578,1.04,0.96,11630,0.98,0.90,9032,1.12,1.06,19164,1.11,1.14,19763,1.09,1.07,11777,1.04,1.01,922,0.85,0.75,7,11
13,https://hltv.org/matches/2369497/g2-vs-ence-iem-katowice-2024,2369497,2024-02-04,,G2,0,5995,ENCE,4869,2,Best of 3 (LAN),* Group B upper bracket semi-final. Winner advances to playoffs.,19230,1.25,1.32,3741,1.11,1.08,3972,0.98,0.92,9618,0.95,0.87,10096,0.89,0.76,16848,1.21,1.38,15428,1.12,1.11,19114,1.10,1.01,7412,1.05,1.02,16080,1.00,0.92,6,48
14,https://hltv.org/matches/2369498/gamerlegion-vs-mouz-iem-katowice-2024,2369498,2024-02-04,,GamerLegion,0,9928,MOUZ,4494,2,Best of 3 (LAN),* Group B upper bracket semi-final. Winner advances to playoffs.,10330,1.04,1.04,20358,1.00,0.92,2553,0.98,0.92,17937,0.94,0.85,15117,0.90,0.81,13666,1.15,1.05,18850,1.12,1.21,20312,1.09,1.01,18072,1.07,1.09,16820,0.95,0.86,19,5
15,https://hltv.org/matches/2369495/heroic-vs-vitality-iem-katowice-2024,2369495,2024-02-04,,HEROIC,2,7175,Vitality,9565,1,Best of 3 (LAN),* Group B lower bracket round 1,13602,1.19,1.25,9436,1.17,1.11,12018,1.10,1.04,19677,1.04,0.95,14148,1.02,0.93,11893,1.37,1.53,18221,1.15,1.15,16693,1.14,1.09,7322,1.03,0.91,18462,1.00,0.92,31,1
16,https://hltv.org/matches/2369496/monte-vs-cloud9-iem-katowice-2024,2369496,2024-02-04,,Monte,2,11811,Cloud9,5752,0,Best of 3 (LAN),* Group B lower bracket round 1,12731,1.16,1.16,16885,1.10,1.05,20282,1.04,0.94,16717,1.04,0.96,19733,1.03,0.98,8918,1.19,1.13,16947,1.08,1.13,16555,1.06,0.95,8528,1.04,0.98,11840,1.00,0.88,9,8
17,https://hltv.org/matches/2369487/eternal-fire-vs-faze-iem-katowice-2024,2369487,2024-02-04,,Eternal Fire,1,11251,FaZe,6667,2,Best of 3 (LAN),* Group A upper bracket semi-final. Winner advances to playoffs.,7938,1.28,1.18,21243,1.19,1.14,8574,1.10,1.12,8575,1.04,1.02,150,1.00,0.98,11816,1.18,1.23,9960,1.15,1.16,18053,1.11,1.10,8183,1.08,0.98,429,0.93,0.82,15,2
18,https://hltv.org/matches/2369488/falcons-vs-rebels-iem-katowice-2024,2369488,2024-02-03,,Falcons,2,11283,Rebels,6472,1,Best of 3 (LAN),* Group A lower bracket round 1,9032,1.13,1.08,19164,1.09,1.11,19763,1.07,1.05,11777,1.02,0.97,922,0.85,0.77,21715,1.01,0.99,21263,1.00,0.93,23295,0.97,0.88,20349,0.88,0.75,21265,0.83,0.75,11,118
19,https://hltv.org/matches/2369490/natus-vincere-vs-apeks-iem-katowice-2024,2369490,2024-02-03,,Natus Vincere,2,4608,Apeks,9806,1,Best of 3 (LAN),* Group A lower bracket round 1,20127,1.15,1.29,18987,1.13,1.04,19206,1.10,1.01,14759,1.10,1.06,9816,0.93,0.82,13670,1.11,1.26,8248,1.07,0.93,18790,1.04,0.98,6904,0.95,0.88,17450,0.91,0.83,3,12
20,https://hltv.org/matches/2369489/spirit-vs-complexity-iem-katowice-2024,2369489,2024-02-03,,Spirit,2,7020,Complexity,5005,0,Best of 3 (LAN),* Group A upper bracket semi-final. Winner advances to playoffs.,21167,1.43,1.43,16920,1.23,1.44,20423,1.13,1.07,18317,1.06,1.02,7716,0.99,0.93,8738,1.26,1.21,12713,1.06,0.98,13578,1.04,0.97,12840,1.04,1.08,11630,1.00,0.92,14,7
21,https://hltv.org/matches/2369415/mouz-vs-cloud9-iem-katowice-2024,2369415,2024-02-03,,MOUZ,2,4494,Cloud9,5752,1,Best of 3 (LAN),* Group B upper bracket quarter-final,18850,1.13,1.24,13666,1.13,1.02,18072,1.07,1.09,20312,1.06,0.97,16820,0.94,0.85,8918,1.18,1.12,16947,1.09,1.15,16555,1.06,0.96,8528,1.04,0.99,11840,1.01,0.89,5,8
22,https://hltv.org/matches/2369414/monte-vs-gamerlegion-iem-katowice-2024,2369414,2024-02-03,,Monte,0,11811,GamerLegion,9928,2,Best of 3 (LAN),* Group B upper bracket quarter-final,12731,1.13,1.11,16885,1.09,1.05,20282,1.08,0.99,16717,1.01,0.91,19733,0.97,0.91,10330,1.05,1.06,20358,1.00,0.92,2553,0.99,0.92,17937,0.94,0.85,15117,0.92,0.83,9,19
23,https://hltv.org/matches/2369412/vitality-vs-ence-iem-katowice-2024,2369412,2024-02-02,,Vitality,1,9565,ENCE,4869,2,Best of 3 (LAN),* Group B upper bracket quarter-final,11893,1.40,1.57,18221,1.17,1.18,16693,1.14,1.10,7322,1.02,0.92,18462,1.02,0.93,16848,1.20,1.36,15428,1.09,1.06,7412,1.04,1.01,19114,1.04,0.95,16080,0.98,0.91,1,48
24,https://hltv.org/matches/2369411/complexity-vs-apeks-iem-katowice-2024,2369411,2024-02-02,,Complexity,2,5005,Apeks,9806,0,Best of 3 (LAN),* Group A upper bracket quarter-final,8738,1.27,1.23,12713,1.08,1.01,13578,1.06,0.99,12840,1.05,1.10,11630,1.01,0.94,13670,1.11,1.27,8248,1.06,0.93,18790,1.06,0.99,17450,0.92,0.84,6904,0.89,0.81,7,12
25,https://hltv.org/matches/2369410/natus-vincere-vs-spirit-iem-katowice-2024,2369410,2024-02-02,,Natus Vincere,1,4608,Spirit,7020,2,Best of 3 (LAN),* Group A upper bracket quarter-final,20127,1.15,1.30,18987,1.13,1.04,14759,1.10,1.07,19206,1.09,0.99,9816,0.93,0.82,21167,1.42,1.40,16920,1.21,1.41,20423,1.12,1.06,18317,1.05,1.00,7716,0.97,0.90,3,14
26,https://hltv.org/matches/2369408/faze-vs-rebels-iem-katowice-2024,2369408,2024-02-02,,FaZe,2,6667,Rebels,6472,0,Best of 3 (LAN),* Group A upper bracket quarter-final,11816,1.19,1.24,9960,1.17,1.18,18053,1.11,1.10,8183,1.07,0.97,429,0.94,0.83,21263,0.99,0.93,23295,0.98,0.91,21715,0.95,0.92,20349,0.86,0.74,21265,0.85,0.78,2,118
27,https://hltv.org/matches/2369413/g2-vs-heroic-iem-katowice-2024,2369413,2024-02-02,,G2,2,5995,HEROIC,7175,1,Best of 3 (LAN),* Group B upper bracket quarter-final,19230,1.27,1.34,3741,1.12,1.10,3972,1.00,0.95,9618,0.95,0.86,10096,0.89,0.77,13602,1.22,1.27,9436,1.16,1.08,12018,1.08,1.02,14148,1.05,0.96,19677,1.02,0.94,6,31
28,https://hltv.org/matches/2369409/falcons-vs-eternal-fire-iem-katowice-2024,2369409,2024-02-02,,Falcons,0,11283,Eternal Fire,11251,2,Best of 3 (LAN),* Group A upper bracket quarter-final,19164,1.14,1.22,9032,1.12,1.09,11777,0.98,0.93,19763,0.96,0.88,922,0.83,0.74,7938,1.29,1.20,21243,1.19,1.14,8574,1.11,1.13,8575,1.05,1.04,150,1.01,1.01,11,15
0,https://hltv.org/matches/2368887/g2-vs-liquid-blast-premier-spring-groups-2024,2368887,2024-01-27,,G2,2,5995,Liquid,5973,0,Best of 3 (LAN),"* Play-in. Winner qualifies for Spring Final, losing team proceeds to Spring Showdown.",19230,1.22,1.26,3741,1.12,1.11,3972,1.01,0.96,9618,0.96,0.88,10096,0.90,0.78,8520,1.25,1.32,10394,1.22,1.28,13915,1.18,1.12,18676,1.11,1.11,7964,1.10,1.15,7,48
1,https://hltv.org/matches/2368886/astralis-vs-big-blast-premier-spring-groups-2024,2368886,2024-01-27,,Astralis,2,6665,BIG,7532,1,Best of 3 (LAN),"* Play-in. Winner qualifies for Spring Final, losing team proceeds to Spring Showdown.",15165,1.19,1.23,7592,1.15,1.17,10994,1.10,1.04,20304,1.05,1.00,17956,1.02,1.00,19899,1.17,1.28,10981,1.16,1.22,5794,1.15,1.04,19284,1.04,0.97,20104,1.02,0.94,19,16
2,https://hltv.org/matches/2368885/virtuspro-vs-big-blast-premier-spring-groups-2024,2368885,2024-01-26,,Virtus.pro,2,5378,BIG,7532,0,Best of 3 (LAN),"* Group D final. Winner qualifies for Spring Final, losing team proceeds to the play-in.",12732,1.22,1.16,13776,1.17,1.33,20101,1.11,1.11,16612,1.09,1.00,8789,1.04,1.00,19899,1.18,1.28,10981,1.16,1.24,5794,1.16,1.06,19284,1.04,0.97,20104,1.02,0.94,5,16
3,https://hltv.org/matches/2368873/liquid-vs-faze-blast-premier-spring-groups-2024,2368873,2024-01-26,,Liquid,0,5973,FaZe,6667,2,Best of 3 (LAN),"* Group B final. Winner qualifies for Spring Final, losing team proceeds to the play-in.",8520,1.26,1.35,10394,1.25,1.32,13915,1.20,1.14,7964,1.13,1.18,18676,1.11,1.12,11816,1.21,1.28,9960,1.13,1.10,18053,1.11,1.11,8183,1.07,0.97,429,0.94,0.84,48,2
4,https://hltv.org/matches/2368879/natus-vincere-vs-g2-blast-premier-spring-groups-2024,2368879,2024-01-26,,Natus Vincere,2,4608,G2,5995,0,Best of 3 (LAN),"* Group C final. Winner qualifies for Spring Final, losing team proceeds to the play-in.",18987,1.17,1.10,20127,1.16,1.31,14759,1.14,1.12,19206,1.09,0.97,9816,0.95,0.84,19230,1.23,1.26,3741,1.11,1.10,3972,0.99,0.93,9618,0.95,0.89,10096,0.89,0.77,4,7
5,https://hltv.org/matches/2368867/astralis-vs-vitality-blast-premier-spring-groups-2024,2368867,2024-01-26,,Astralis,1,6665,Vitality,9565,2,Best of 3 (LAN),"* Group A final. Winner qualifies for Spring Final, losing team proceeds to the play-in.",15165,1.19,1.23,7592,1.18,1.21,10994,1.10,1.03,17956,1.05,1.03,20304,1.04,0.98,11893,1.41,1.61,18221,1.20,1.23,16693,1.14,1.10,7322,1.03,0.93,18462,1.03,0.94,19,1
6,https://hltv.org/matches/2368884/cloud9-vs-big-blast-premier-spring-groups-2024,2368884,2024-01-25,,Cloud9,0,5752,BIG,7532,2,Best of 3 (LAN),* Group D consolidation final,8918,1.14,1.09,16947,1.09,1.16,8528,1.06,1.03,16555,1.04,0.95,11840,1.00,0.89,19899,1.19,1.31,5794,1.18,1.07,10981,1.17,1.26,19284,1.04,0.96,20104,1.03,0.94,9,16
7,https://hltv.org/matches/2368872/gamerlegion-vs-faze-blast-premier-spring-groups-2024,2368872,2024-01-25,,GamerLegion,1,9928,FaZe,6667,2,Best of 3 (LAN),* Group B consolidation final,20358,0.98,0.89,10330,0.97,0.96,2553,0.96,0.89,17937,0.92,0.82,15117,0.91,0.82,11816,1.21,1.27,9960,1.13,1.10,18053,1.12,1.12,8183,1.07,0.97,429,0.94,0.83,18,2
8,https://hltv.org/matches/2368878/g2-vs-ninjas-in-pyjamas-blast-premier-spring-groups-2024,2368878,2024-01-25,,G2,2,5995,Ninjas in Pyjamas,4411,0,Best of 3 (LAN),* Group C consolidation final,19230,1.23,1.27,3741,1.14,1.14,3972,0.99,0.93,9618,0.97,0.92,10096,0.88,0.75,9278,1.13,1.08,19592,1.07,1.07,9078,1.07,1.02,8611,0.92,0.79,8371,0.90,0.82,7,25
9,https://hltv.org/matches/2368866/vitality-vs-falcons-blast-premier-spring-groups-2024,2368866,2024-01-25,,Vitality,2,9565,Falcons,11283,1,Best of 3 (LAN),* Group A consolidation final,11893,1.40,1.60,18221,1.22,1.24,16693,1.16,1.11,7322,1.04,0.95,18462,1.04,0.95,19164,1.26,1.47,9032,1.17,1.14,19763,1.01,0.93,11777,0.96,0.92,922,0.87,0.78,1,10
10,https://hltv.org/matches/2368883/big-vs-heroic-blast-premier-spring-groups-2024,2368883,2024-01-24,,BIG,2,7532,HEROIC,7175,1,Best of 3 (LAN),* Group D lower bracket final,5794,1.19,1.09,19899,1.19,1.32,10981,1.18,1.27,19284,1.04,0.96,20104,1.03,0.96,13602,1.22,1.26,9436,1.22,1.16,12018,1.11,1.04,14148,1.05,0.97,19677,1.04,0.94,16,49
11,https://hltv.org/matches/2368882/virtuspro-vs-cloud9-blast-premier-spring-groups-2024,2368882,2024-01-24,,Virtus.pro,2,5378,Cloud9,5752,1,Best of 3 (LAN),* Group D upper bracket final,12732,1.22,1.14,13776,1.16,1.32,20101,1.10,1.12,16612,1.08,0.99,8789,1.04,0.99,8918,1.16,1.12,16947,1.09,1.16,8528,1.07,1.04,16555,1.06,0.96,11840,1.01,0.90,5,9
12,https://hltv.org/matches/2368871/faze-vs-spirit-blast-premier-spring-groups-2024,2368871,2024-01-24,,FaZe,2,6667,Spirit,7020,0,Best of 3 (LAN),* Group B lower bracket final,11816,1.20,1.26,9960,1.12,1.10,18053,1.12,1.10,8183,1.06,0.96,429,0.94,0.84,21167,1.37,1.33,20423,1.12,1.04,16920,1.08,1.18,18317,1.07,1.05,7716,0.94,0.86,2,13
13,https://hltv.org/matches/2368870/gamerlegion-vs-liquid-blast-premier-spring-groups-2024,2368870,2024-01-24,,GamerLegion,0,9928,Liquid,5973,2,Best of 3 (LAN),* Group B upper bracket final,20358,0.99,0.91,10330,0.99,0.97,2553,0.96,0.87,15117,0.92,0.83,17937,0.91,0.81,8520,1.29,1.42,10394,1.27,1.33,13915,1.22,1.16,7964,1.14,1.19,18676,1.13,1.18,18,48
14,https://hltv.org/matches/2368881/cloud9-vs-heroic-blast-premier-spring-groups-2024,2368881,2024-01-23,,Cloud9,2,5752,HEROIC,7175,0,Best of 3 (LAN),* Group D opening match,8918,1.17,1.13,16947,1.08,1.15,8528,1.08,1.04,16555,1.08,0.98,11840,1.03,0.92,13602,1.24,1.30,9436,1.22,1.16,12018,1.12,1.05,14148,1.06,0.98,19677,1.06,0.96,9,49
15,https://hltv.org/matches/2368880/virtuspro-vs-big-blast-premier-spring-groups-2024,2368880,2024-01-23,,Virtus.pro,2,5378,BIG,7532,0,Best of 3 (LAN),* Group D opening match,12732,1.22,1.14,13776,1.16,1.32,20101,1.10,1.12,16612,1.09,0.99,8789,1.05,1.00,19899,1.20,1.34,10981,1.19,1.29,5794,1.18,1.08,19284,1.03,0.96,20104,1.03,0.94,5,16
16,https://hltv.org/matches/2368869/spirit-vs-liquid-blast-premier-spring-groups-2024,2368869,2024-01-23,,Spirit,1,7020,Liquid,5973,2,Best of 3 (LAN),* Group B opening match,21167,1.37,1.34,16920,1.14,1.26,20423,1.12,1.04,18317,1.07,1.04,7716,0.96,0.88,8520,1.27,1.39,10394,1.26,1.31,13915,1.21,1.14,18676,1.14,1.18,7964,1.13,1.16,13,48
17,https://hltv.org/matches/2368868/faze-vs-gamerlegion-blast-premier-spring-groups-2024,2368868,2024-01-23,,FaZe,0,6667,GamerLegion,9928,2,Best of 3 (LAN),* Group B opening match,11816,1.20,1.27,18053,1.10,1.08,9960,1.06,0.97,8183,1.05,0.94,429,0.94,0.84,10330,1.02,1.02,20358,1.01,0.92,2553,0.99,0.90,17937,0.92,0.82,15117,0.92,0.83,2,18
18,https://hltv.org/matches/2368865/og-vs-falcons-blast-premier-spring-groups-2024,2368865,2024-01-22,,OG,0,10503,Falcons,11283,2,Best of 3 (LAN),* Group A lower bracket final,20447,1.23,1.26,20872,1.06,0.87,20123,1.03,1.05,19044,0.96,0.88,12781,0.92,0.81,19164,1.37,1.62,9032,1.07,1.02,11777,1.04,1.12,19763,1.00,0.97,922,0.92,0.81,39,10
19,https://hltv.org/matches/2368864/vitality-vs-astralis-blast-premier-spring-groups-2024,2368864,2024-01-22,,Vitality,1,9565,Astralis,6665,2,Best of 3 (LAN),* Group A upper bracket final,11893,1.40,1.61,18221,1.24,1.27,16693,1.16,1.12,7322,1.07,1.00,18462,1.04,0.95,15165,1.22,1.25,7592,1.19,1.22,10994,1.13,1.09,17956,1.05,1.02,20304,1.04,0.98,1,19
20,https://hltv.org/matches/2368877/ninjas-in-pyjamas-vs-complexity-blast-premier-spring-groups-2024,2368877,2024-01-22,,Ninjas in Pyjamas,2,4411,Complexity,5005,0,Best of 3 (LAN),* Group C lower bracket final,9278,1.13,1.07,9078,1.09,1.04,19592,1.09,1.09,8611,0.92,0.78,8371,0.89,0.82,8738,1.24,1.18,12713,1.06,0.97,12840,1.04,1.09,13578,1.01,0.94,11630,0.98,0.90,25,8
21,https://hltv.org/matches/2368876/g2-vs-natus-vincere-blast-premier-spring-groups-2024,2368876,2024-01-22,,G2,1,5995,Natus Vincere,4608,2,Best of 3 (LAN),* Group C upper bracket final,19230,1.21,1.24,3741,1.14,1.15,3972,0.99,0.93,9618,0.95,0.88,10096,0.87,0.74,20127,1.16,1.32,18987,1.15,1.06,14759,1.14,1.12,19206,1.08,0.97,9816,0.95,0.85,7,4
22,https://hltv.org/matches/2368863/astralis-vs-falcons-blast-premier-spring-groups-2024,2368863,2024-01-21,,Astralis,2,6665,Falcons,11283,0,Best of 3 (LAN),* Group A opening match,15165,1.23,1.26,7592,1.18,1.23,10994,1.12,1.05,20304,1.05,1.00,17956,1.04,1.02,19164,0.98,0.92,19763,0.92,0.86,9032,0.91,0.85,922,0.77,0.71,11777,0.72,0.74,19,10
23,https://hltv.org/matches/2368862/vitality-vs-og-blast-premier-spring-groups-2024,2368862,2024-01-21,,Vitality,2,9565,OG,10503,0,Best of 3 (LAN),* Group A opening match,11893,1.40,1.60,18221,1.24,1.27,16693,1.18,1.16,7322,1.13,1.08,18462,1.09,1.03,20447,1.27,1.33,20872,1.11,0.93,20123,1.04,1.07,19044,0.99,0.90,12781,0.93,0.84,1,39
24,https://hltv.org/matches/2368875/natus-vincere-vs-complexity-blast-premier-spring-groups-2024,2368875,2024-01-21,,Natus Vincere,2,4608,Complexity,5005,0,Best of 3 (LAN),* Group C opening match,20127,1.15,1.29,18987,1.13,1.04,14759,1.12,1.10,19206,1.10,0.99,9816,0.96,0.87,8738,1.26,1.21,12713,1.08,1.00,12840,1.07,1.11,13578,1.02,0.94,11630,0.97,0.90,4,8
25,https://hltv.org/matches/2368874/g2-vs-ninjas-in-pyjamas-blast-premier-spring-groups-2024,2368874,2024-01-21,,G2,2,5995,Ninjas in Pyjamas,4411,0,Best of 3 (LAN),* Group C opening match,19230,1.20,1.23,3741,1.13,1.12,3972,1.04,0.99,9618,0.98,0.91,10096,0.88,0.75,9278,1.14,1.07,19592,1.07,1.07,9078,1.07,1.02,8611,0.90,0.76,8371,0.84,0.76,7,25
0,https://hltv.org/matches/2368606/virtuspro-vs-apeks-esl-challenger-atlanta-2023,2368606,2023-12-17,,Virtus.pro,2,5378,Apeks,9806,0,Best of 3 (LAN),* Grand final,13776,1.17,1.36,12732,1.16,1.08,20101,1.08,1.09,16612,1.05,0.96,8789,1.05,1.01,13670,1.12,1.28,8248,1.10,0.97,18790,1.06,0.98,19677,1.03,0.97,17450,0.95,0.88,10,13
1,https://hltv.org/matches/2368604/apeks-vs-monte-esl-challenger-atlanta-2023,2368604,2023-12-16,,Apeks,2,9806,Monte,11811,1,Best of 3 (LAN),* Semi-final,13670,1.12,1.28,8248,1.10,0.97,18790,1.06,0.98,19677,1.03,0.97,17450,0.95,0.88,16885,1.16,1.19,20282,1.12,1.06,12731,1.12,1.07,16717,1.10,1.02,19733,1.08,1.04,13,7
2,https://hltv.org/matches/2368605/virtuspro-vs-themongolz-esl-challenger-atlanta-2023,2368605,2023-12-16,,Virtus.pro,2,5378,TheMongolz,6248,0,Best of 3 (LAN),* Semi-final,13776,1.17,1.36,12732,1.16,1.08,20101,1.08,1.09,16612,1.05,0.96,8789,1.05,1.01,20194,1.16,1.13,21809,1.13,1.15,20903,1.13,1.07,20275,1.07,1.02,21001,1.03,0.95,10,39
3,https://hltv.org/matches/2368602/monte-vs-bestia-esl-challenger-atlanta-2023,2368602,2023-12-15,,Monte,2,11811,BESTIA,12144,0,Best of 3 (LAN),* Group B decider match,16885,1.16,1.20,20282,1.13,1.06,12731,1.12,1.07,16717,1.10,1.03,19733,1.08,1.03,20394,1.14,1.03,22570,1.09,1.06,2161,1.04,1.01,14737,1.01,0.93,17039,1.00,0.93,7,68
4,https://hltv.org/matches/2368603/themongolz-vs-complexity-esl-challenger-atlanta-2023,2368603,2023-12-15,,TheMongolz,2,6248,Complexity,5005,0,Best of 3 (LAN),* Group A decider match,20194,1.18,1.16,20903,1.14,1.08,21809,1.13,1.16,20275,1.09,1.03,21001,1.05,0.96,8738,1.18,1.14,12713,1.10,1.03,12840,1.07,1.11,13578,1.06,1.02,11630,0.96,0.88,39,5
5,https://hltv.org/matches/2368600/bestia-vs-m80-esl-challenger-atlanta-2023,2368600,2023-12-15,,BESTIA,2,12144,M80,12376,0,Best of 3 (LAN),* Group B elimination match,20394,1.14,1.03,22570,1.09,1.06,2161,1.04,1.01,14737,1.01,0.93,17039,1.00,0.93,15370,1.23,1.42,16599,1.19,1.10,11617,1.16,1.10,17378,1.12,1.14,15349,1.06,0.97,68,40
6,https://hltv.org/matches/2368601/gamerlegion-vs-complexity-esl-challenger-atlanta-2023,2368601,2023-12-15,,GamerLegion,1,9928,Complexity,5005,2,Best of 3 (LAN),* Group A elimination match,20358,1.03,0.96,10330,1.02,1.02,2553,0.99,0.90,15117,0.94,0.84,17937,0.91,0.78,8738,1.18,1.14,12713,1.10,1.03,12840,1.07,1.11,13578,1.06,1.02,11630,0.96,0.88,15,5
7,https://hltv.org/matches/2368598/apeks-vs-themongolz-esl-challenger-atlanta-2023,2368598,2023-12-15,,Apeks,13,9806,TheMongolz,6248,6,Best of 1 (LAN),* Group A winners' match,13670,1.14,1.31,8248,1.11,0.99,18790,1.07,0.99,19677,1.03,0.97,17450,0.96,0.91,20194,1.18,1.16,20903,1.14,1.08,21809,1.13,1.16,20275,1.09,1.03,21001,1.05,0.96,13,39
8,https://hltv.org/matches/2368599/monte-vs-virtuspro-esl-challenger-atlanta-2023,2368599,2023-12-14,,Monte,6,11811,Virtus.pro,5378,13,Best of 1 (LAN),* Group B winners' match,16885,1.17,1.21,20282,1.11,1.04,12731,1.10,1.04,16717,1.08,1.01,19733,1.07,1.02,13776,1.17,1.36,12732,1.16,1.07,20101,1.06,1.08,8789,1.04,0.99,16612,1.04,0.94,7,10
9,https://hltv.org/matches/2368594/complexity-vs-themongolz-esl-challenger-atlanta-2023,2368594,2023-12-14,,Complexity,14,5005,TheMongolz,6248,16,Best of 1 (LAN),* Group A opening match,8738,1.19,1.14,12713,1.11,1.04,13578,1.06,1.02,12840,1.05,1.09,11630,0.95,0.86,20194,1.18,1.14,21809,1.14,1.18,20903,1.12,1.05,20275,1.09,1.04,21001,1.07,0.99,5,39
10,https://hltv.org/matches/2368595/apeks-vs-gamerlegion-esl-challenger-atlanta-2023,2368595,2023-12-14,,Apeks,13,9806,GamerLegion,9928,11,Best of 1 (LAN),* Group A opening match,13670,1.13,1.29,8248,1.11,0.99,18790,1.06,0.99,19677,1.04,0.98,17450,0.96,0.90,2553,1.03,0.95,20358,1.03,0.96,10330,1.00,1.00,15117,0.95,0.85,17937,0.91,0.80,13,15
11,https://hltv.org/matches/2368597/m80-vs-virtuspro-esl-challenger-atlanta-2023,2368597,2023-12-14,,M80,8,12376,Virtus.pro,5378,13,Best of 1 (LAN),* Group B opening match,15370,1.24,1.44,16599,1.19,1.09,11617,1.16,1.11,17378,1.13,1.15,15349,1.06,0.97,13776,1.17,1.36,12732,1.16,1.07,20101,1.06,1.08,8789,1.04,0.99,16612,1.04,0.94,40,10
12,https://hltv.org/matches/2368596/monte-vs-bestia-esl-challenger-atlanta-2023,2368596,2023-12-14,,Monte,13,11811,BESTIA,12144,8,Best of 1 (LAN),* Group B opening match,16885,1.17,1.21,20282,1.11,1.04,12731,1.10,1.04,16717,1.08,1.01,19733,1.07,1.02,20394,1.15,1.04,22570,1.08,1.05,2161,1.04,1.02,14737,1.02,0.95,17039,1.00,0.93,7,68
0,https://hltv.org/matches/2368527/faze-vs-vitality-blast-premier-world-final-2023,2368527,2023-12-16,,FaZe,0,6667,Vitality,9565,2,Best of 3 (LAN),* Grand final,11816,1.19,1.24,18053,1.13,1.12,9960,1.09,1.02,8183,1.07,0.97,429,0.92,0.81,11893,1.30,1.39,18221,1.18,1.18,16693,1.07,1.02,18462,1.07,1.00,7322,1.01,0.93,1,2
1,https://hltv.org/matches/2368526/vitality-vs-natus-vincere-blast-premier-world-final-2023,2368526,2023-12-15,,Vitality,2,9565,Natus Vincere,4608,0,Best of 3 (LAN),* Semi-final,11893,1.27,1.35,18221,1.18,1.19,18462,1.08,1.01,16693,1.06,0.99,7322,1.02,0.93,18987,1.15,1.13,20127,1.10,1.16,14759,1.08,1.01,19206,1.05,0.97,9816,0.97,0.89,2,8
2,https://hltv.org/matches/2368525/faze-vs-mouz-blast-premier-world-final-2023,2368525,2023-12-15,,FaZe,2,6667,MOUZ,4494,0,Best of 3 (LAN),* Semi-final,11816,1.19,1.25,18053,1.13,1.12,9960,1.11,1.13,8183,1.07,0.98,429,0.93,0.81,18072,1.16,1.25,18850,1.14,1.23,20312,1.11,1.01,16820,0.97,0.89,,,,1,3
3,https://hltv.org/matches/2368524/natus-vincere-vs-g2-blast-premier-world-final-2023,2368524,2023-12-14,,Natus Vincere,2,4608,G2,5995,1,Best of 3 (LAN),* Quarter-final,18987,1.15,1.14,20127,1.13,1.22,14759,1.09,1.03,19206,1.07,1.00,9816,0.97,0.88,19230,1.18,1.18,3741,1.08,1.05,3972,1.05,0.99,9618,0.97,0.88,10096,0.87,0.77,8,6
4,https://hltv.org/matches/2368523/cloud9-vs-mouz-blast-premier-world-final-2023,2368523,2023-12-14,,Cloud9,0,5752,MOUZ,4494,2,Best of 3 (LAN),* Quarter-final,8918,1.12,1.05,16555,1.08,1.02,16947,1.05,1.09,8528,1.00,0.92,11840,0.94,0.85,18850,1.16,1.26,18072,1.15,1.24,20312,1.12,1.01,16820,0.98,0.90,,,,11,3
5,https://hltv.org/matches/2368522/faze-vs-g2-blast-premier-world-final-2023,2368522,2023-12-13,,FaZe,2,6667,G2,5995,1,Best of 3 (LAN),"* Group B upper bracket final. Winner advances to playoff semi-finals, losing team proceeds to the quarter-finals.",11816,1.19,1.27,18053,1.14,1.14,9960,1.10,1.04,8183,1.08,0.99,429,0.92,0.80,19230,1.19,1.20,3741,1.09,1.07,3972,1.05,0.98,9618,0.99,0.91,10096,0.87,0.76,1,6
6,https://hltv.org/matches/2368521/heroic-vs-mouz-blast-premier-world-final-2023,2368521,2023-12-13,,HEROIC,0,7175,MOUZ,4494,2,Best of 3 (LAN),"* Group B lower bracket final. Winner advances to the playoff quarter-finals, losing team is eliminated.",7398,1.14,1.07,12018,1.06,0.95,14148,1.00,0.90,20090,0.98,0.94,,,,18850,1.16,1.26,18072,1.14,1.23,20312,1.11,1.00,16820,0.97,0.88,,,,22,3
7,https://hltv.org/matches/2368520/cloud9-vs-vitality-blast-premier-world-final-2023,2368520,2023-12-13,,Cloud9,0,5752,Vitality,9565,2,Best of 3 (LAN),"* Group A upper bracket final. Winner advances to playoff semi-finals, losing team proceeds to the quarter-finals.",8918,1.13,1.06,16555,1.09,1.02,16947,1.05,1.10,8528,1.01,0.94,11840,0.96,0.88,11893,1.26,1.31,18221,1.19,1.19,18462,1.06,1.02,16693,1.04,0.98,7322,0.98,0.88,11,2
8,https://hltv.org/matches/2368519/ence-vs-natus-vincere-blast-premier-world-final-2023,2368519,2023-12-13,,ENCE,1,4869,Natus Vincere,4608,2,Best of 3 (LAN),"* Group A lower bracket final. Winner advances to the playoff quarter-finals, losing team is eliminated.",9436,1.13,1.09,19164,1.12,1.16,11777,1.03,0.99,16080,0.98,0.89,7412,0.98,0.91,18987,1.16,1.16,20127,1.13,1.22,19206,1.08,1.03,14759,1.07,1.01,9816,0.99,0.90,4,8
9,https://hltv.org/matches/2368518/mouz-vs-g2-blast-premier-world-final-2023,2368518,2023-12-12,,MOUZ,0,4494,G2,5995,2,Best of 3 (LAN),* Group B upper bracket semi-final,18850,1.15,1.25,18072,1.13,1.22,20312,1.11,1.00,16820,0.96,0.87,,,,19230,1.20,1.20,3741,1.06,1.04,3972,1.05,0.97,9618,0.99,0.89,10096,0.89,0.79,3,6
10,https://hltv.org/matches/2368517/faze-vs-heroic-blast-premier-world-final-2023,2368517,2023-12-12,,FaZe,2,6667,HEROIC,7175,0,Best of 3 (LAN),* Group B upper bracket semi-final,11816,1.21,1.30,18053,1.16,1.16,9960,1.13,1.23,8183,1.09,0.99,429,0.92,0.81,7398,1.17,1.11,12018,1.08,0.97,14148,1.01,0.90,20090,0.98,0.95,,,,1,22
11,https://hltv.org/matches/2368516/vitality-vs-natus-vincere-blast-premier-world-final-2023,2368516,2023-12-12,,Vitality,2,9565,Natus Vincere,4608,0,Best of 3 (LAN),* Group A upper bracket semi-final,11893,1.24,1.27,18221,1.19,1.20,16693,1.04,0.98,18462,1.02,0.95,7322,0.97,0.86,18987,1.15,1.16,20127,1.12,1.18,19206,1.10,1.06,14759,1.06,1.01,9816,1.01,0.90,2,8
12,https://hltv.org/matches/2368515/cloud9-vs-ence-blast-premier-world-final-2023,2368515,2023-12-12,,Cloud9,2,5752,ENCE,4869,0,Best of 3 (LAN),* Group A upper bracket semi-final,8918,1.14,1.07,16555,1.09,1.04,16947,1.06,1.11,8528,1.01,0.93,11840,0.97,0.90,9436,1.15,1.12,19164,1.13,1.17,11777,1.04,0.99,16080,1.00,0.90,7412,0.96,0.89,11,4
0,https://hltv.org/matches/2368593/nigma-galaxy-vs-navi-javelins-esl-impact-league-season-4-finals,2368593,2023-12-09,,Nigma Galaxy,2,11681,NAVI Javelins,11675,0,Best of 3 (LAN),* Grand final,12758,1.41,1.73,16497,1.27,1.26,21756,1.25,1.27,1572,1.21,1.14,18775,1.20,1.21,22062,1.29,1.43,22065,1.18,1.13,16760,1.17,1.10,22063,1.17,1.18,21727,1.09,1.03,175,170
1,https://hltv.org/matches/2368591/fluxo-demons-vs-navi-javelins-esl-impact-league-season-4-finals,2368591,2023-12-09,,Fluxo Demons,0,12461,NAVI Javelins,11675,2,Best of 3 (LAN),* Semi-final,21801,1.23,1.36,20502,1.17,1.18,21800,1.12,1.08,21799,1.09,1.04,17287,1.00,0.89,22062,1.29,1.43,22065,1.18,1.13,16760,1.17,1.10,22063,1.17,1.18,21727,1.09,1.03,188,170
2,https://hltv.org/matches/2368592/9-pandas-fearless-vs-nigma-galaxy-esl-impact-league-season-4-finals,2368592,2023-12-09,,9 Pandas Fearless,0,12031,Nigma Galaxy,11681,2,Best of 3 (LAN),* Semi-final,18781,1.13,1.09,18773,1.12,1.02,10285,1.11,0.98,18780,1.07,1.13,18778,1.04,0.94,12758,1.41,1.73,16497,1.27,1.26,21756,1.25,1.27,1572,1.21,1.14,18775,1.20,1.21,193,175
3,https://hltv.org/matches/2368587/nigma-galaxy-vs-hsg-fe-esl-impact-league-season-4-finals,2368587,2023-12-08,,Nigma Galaxy,2,11681,HSG fe,11997,1,Best of 3 (LAN),* Group A decider match,12758,1.44,1.80,16497,1.25,1.25,18775,1.22,1.22,21756,1.18,1.17,1572,1.17,1.11,11215,1.29,1.24,19844,1.16,1.01,15964,1.11,1.16,10743,1.06,0.98,19103,0.94,0.87,175,
4,https://hltv.org/matches/2368590/navi-javelins-vs-furia-fe-esl-impact-league-season-4-finals,2368590,2023-12-08,,NAVI Javelins,2,11675,FURIA fe,10976,1,Best of 3 (LAN),* Group B decider match,22065,1.26,1.24,22062,1.25,1.40,22063,1.24,1.27,16760,1.19,1.14,21727,1.15,1.14,21219,1.36,1.65,17288,1.32,1.27,11872,1.22,1.27,16341,1.21,1.29,20503,1.19,1.15,170,160
5,https://hltv.org/matches/2368586/hsg-fe-vs-flyquest-red-esl-impact-league-season-4-finals,2368586,2023-12-08,,HSG fe,2,11997,FlyQuest RED,12301,0,Best of 3 (LAN),* Group A elimination match,11215,1.29,1.24,19844,1.16,1.01,15964,1.11,1.16,10743,1.06,0.98,19103,0.94,0.87,21793,1.38,1.45,18641,1.37,1.44,22066,1.29,1.43,8850,1.21,1.22,21732,1.03,1.04,,178
6,https://hltv.org/matches/2368589/furia-fe-vs-shimmer-esl-impact-league-season-4-finals,2368589,2023-12-07,,FURIA fe,2,10976,Shimmer,12190,0,Best of 3 (LAN),* Group B elimination match,21219,1.37,1.68,17288,1.36,1.31,11872,1.26,1.34,16341,1.25,1.37,20503,1.24,1.20,22302,1.41,1.34,23060,1.20,1.16,23058,0.97,0.92,23613,0.94,0.89,13326,0.90,0.81,160,201
7,https://hltv.org/matches/2368588/9-pandas-fearless-vs-navi-javelins-esl-impact-league-season-4-finals,2368588,2023-12-07,,9 Pandas Fearless,13,12031,NAVI Javelins,11675,3,Best of 1 (LAN),* Group B winners' match,18781,1.14,1.09,18773,1.13,1.03,10285,1.11,0.99,18780,1.11,1.18,18778,1.07,0.97,22063,1.27,1.34,22065,1.26,1.23,22062,1.26,1.47,21727,1.23,1.26,16760,1.22,1.18,193,170
8,https://hltv.org/matches/2368585/nigma-galaxy-vs-fluxo-demons-esl-impact-league-season-4-finals,2368585,2023-12-07,,Nigma Galaxy,6,11681,Fluxo Demons,12461,13,Best of 1 (LAN),* Group A winners' match,12758,1.41,1.86,16497,1.30,1.31,18775,1.25,1.32,1572,1.21,1.17,21756,1.19,1.19,21801,1.25,1.39,20502,1.20,1.22,21800,1.14,1.11,21799,1.11,1.07,17287,1.01,0.92,175,188
9,https://hltv.org/matches/2368584/navi-javelins-vs-shimmer-esl-impact-league-season-4-finals,2368584,2023-12-07,,NAVI Javelins,13,11675,Shimmer,12190,7,Best of 1 (LAN),* Group B opening match,22063,1.27,1.34,22065,1.26,1.23,22062,1.26,1.47,21727,1.23,1.26,16760,1.22,1.18,22302,1.41,1.34,23060,1.20,1.16,23058,0.97,0.92,23613,0.94,0.89,13326,0.90,0.81,170,201
10,https://hltv.org/matches/2368583/furia-fe-vs-9-pandas-fearless-esl-impact-league-season-4-finals,2368583,2023-12-07,,FURIA fe,10,10976,9 Pandas Fearless,12031,13,Best of 1 (LAN),* Group B opening match,21219,1.37,1.68,17288,1.36,1.31,11872,1.26,1.34,16341,1.25,1.37,20503,1.24,1.20,18781,1.14,1.09,18773,1.13,1.03,10285,1.11,0.99,18780,1.11,1.18,18778,1.07,0.97,160,193
11,https://hltv.org/matches/2368582/flyquest-red-vs-fluxo-demons-esl-impact-league-season-4-finals,2368582,2023-12-07,,FlyQuest RED,12,12301,Fluxo Demons,12461,16,Best of 1 (LAN),* Group A opening match,21793,1.47,1.61,18641,1.42,1.53,22066,1.35,1.57,8850,1.26,1.31,21732,1.08,1.12,21801,1.25,1.39,20502,1.20,1.22,21800,1.14,1.11,21799,1.11,1.07,17287,1.01,0.92,178,188
12,https://hltv.org/matches/2368581/nigma-galaxy-vs-hsg-fe-esl-impact-league-season-4-finals,2368581,2023-12-07,,Nigma Galaxy,13,11681,HSG fe,11997,10,Best of 1 (LAN),* Group A opening match,12758,1.41,1.86,16497,1.30,1.31,18775,1.25,1.32,1572,1.21,1.17,21756,1.19,1.19,19844,1.39,1.31,11215,1.33,1.23,15964,1.25,1.29,10743,1.15,1.07,19103,0.83,0.81,175,
0,https://hltv.org/matches/2368508/virtuspro-vs-spirit-betboom-dacha-2023,2368508,2023-12-09,,Virtus.pro,2,5378,Spirit,7020,3,Best of 5 (LAN),* Grand final,13776,1.16,1.36,12732,1.16,1.07,20101,1.05,1.06,8789,1.04,0.99,16612,1.03,0.93,21167,1.35,1.35,21348,1.17,1.34,20423,1.12,1.05,18317,1.06,1.05,7716,0.98,0.90,12,18
1,https://hltv.org/matches/2368506/mibr-vs-spirit-betboom-dacha-2023,2368506,2023-12-08,,MIBR,0,9215,Spirit,7020,2,Best of 3 (LAN),* Semi-final,21037,1.15,1.10,20987,1.11,1.05,11154,1.09,1.10,18835,1.07,1.08,19750,0.98,0.91,21167,1.36,1.36,21348,1.17,1.34,20423,1.12,1.05,18317,1.06,1.05,7716,0.99,0.92,19,18
2,https://hltv.org/matches/2368507/betboom-vs-virtuspro-betboom-dacha-2023,2368507,2023-12-08,,BetBoom,0,12394,Virtus.pro,5378,2,Best of 3 (LAN),* Semi-final,15662,1.13,1.13,18506,1.06,1.01,16921,1.04,0.95,19920,1.04,0.95,22039,1.00,0.92,13776,1.17,1.39,12732,1.16,1.07,20101,1.05,1.06,8789,1.04,1.00,16612,1.03,0.95,16,12
3,https://hltv.org/matches/2368505/spirit-vs-furia-betboom-dacha-2023,2368505,2023-12-07,,Spirit,2,7020,FURIA,8297,0,Best of 3 (LAN),* Group B decider match,21167,1.36,1.36,21348,1.17,1.34,20423,1.11,1.04,18317,1.05,1.03,7716,0.98,0.91,15631,1.14,1.15,12553,1.12,1.08,12521,0.98,0.88,2023,0.98,1.00,10566,0.97,0.90,18,9
4,https://hltv.org/matches/2368502/betboom-vs-cloud9-betboom-dacha-2023,2368502,2023-12-07,,BetBoom,2,12394,Cloud9,5752,0,Best of 3 (LAN),* Group A decider match,15662,1.13,1.12,18506,1.08,1.03,19920,1.05,0.96,16921,1.05,0.96,22039,1.00,0.92,8918,1.13,1.06,16555,1.09,1.03,16947,1.06,1.11,8528,1.01,0.93,11840,0.96,0.89,16,10
5,https://hltv.org/matches/2368504/astralis-vs-furia-betboom-dacha-2023,2368504,2023-12-06,,Astralis,0,6665,FURIA,8297,2,Best of 3 (LAN),* Group B elimination match,15165,1.16,1.20,7592,1.13,1.13,17956,0.97,0.95,20304,0.96,0.88,10994,0.80,0.61,15631,1.14,1.15,12553,1.12,1.09,12521,0.99,0.89,2023,0.99,1.01,10566,0.98,0.91,15,9
6,https://hltv.org/matches/2368501/cloud9-vs-mibr-betboom-dacha-2023,2368501,2023-12-06,,Cloud9,1,5752,MIBR,9215,2,Best of 3 (LAN),* Group A winners' match,8918,1.13,1.06,16555,1.09,1.03,16947,1.07,1.13,8528,1.01,0.94,11840,0.97,0.90,21037,1.14,1.09,20987,1.11,1.05,18835,1.09,1.13,11154,1.08,1.10,19750,0.99,0.91,10,19
7,https://hltv.org/matches/2368503/virtuspro-vs-spirit-betboom-dacha-2023,2368503,2023-12-06,,Virtus.pro,2,5378,Spirit,7020,0,Best of 3 (LAN),* Group B winners' match,13776,1.16,1.37,12732,1.15,1.06,20101,1.05,1.06,8789,1.05,1.01,16612,1.03,0.94,21167,1.35,1.34,21348,1.17,1.34,20423,1.10,1.03,18317,1.05,1.03,7716,0.99,0.92,12,18
8,https://hltv.org/matches/2368500/gamerlegion-vs-betboom-betboom-dacha-2023,2368500,2023-12-05,,GamerLegion,0,9928,BetBoom,12394,2,Best of 3 (LAN),* Group A elimination match,2553,1.04,0.96,20358,1.03,0.96,10330,1.01,1.01,15117,0.97,0.88,17937,0.94,0.82,15662,1.12,1.10,18506,1.07,1.03,19920,1.05,0.97,16921,1.04,0.96,22039,1.00,0.91,13,16
9,https://hltv.org/matches/2368499/furia-vs-spirit-betboom-dacha-2023,2368499,2023-12-05,,FURIA,0,8297,Spirit,7020,2,Best of 3 (LAN),* Group B opening match,15631,1.14,1.14,12553,1.11,1.07,2023,1.00,1.02,12521,0.99,0.88,10566,0.98,0.91,21167,1.37,1.35,21348,1.17,1.34,20423,1.11,1.04,18317,1.06,1.04,7716,1.00,0.93,9,18
10,https://hltv.org/matches/2368498/astralis-vs-virtuspro-betboom-dacha-2023,2368498,2023-12-05,,Astralis,1,6665,Virtus.pro,5378,2,Best of 3 (LAN),* Group B opening match,15165,1.18,1.21,7592,1.15,1.16,20304,0.99,0.91,17956,0.82,0.74,10994,0.70,0.56,13776,1.17,1.38,12732,1.16,1.06,8789,1.05,1.01,20101,1.04,1.05,16612,1.02,0.93,15,12
11,https://hltv.org/matches/2368497/mibr-vs-betboom-betboom-dacha-2023,2368497,2023-12-04,,MIBR,2,9215,BetBoom,12394,0,Best of 3 (LAN),* Group A opening match,21037,1.15,1.10,18835,1.09,1.12,20987,1.09,1.03,11154,1.08,1.10,19750,0.99,0.91,15662,1.11,1.09,18506,1.06,1.01,16921,1.05,0.96,19920,1.05,0.96,22039,0.98,0.90,19,16
12,https://hltv.org/matches/2368496/gamerlegion-vs-cloud9-betboom-dacha-2023,2368496,2023-12-04,,GamerLegion,0,9928,Cloud9,5752,2,Best of 3 (LAN),* Group A opening match,20358,1.05,0.99,2553,1.05,0.97,10330,1.02,1.02,15117,0.97,0.86,17937,0.95,0.84,8918,1.14,1.08,16555,1.09,1.03,16947,1.07,1.13,8528,1.00,0.92,11840,0.97,0.91,13,10
0,https://hltv.org/matches/2368333/apeks-vs-furia-elisa-masters-espoo-2023,2368333,2023-12-02,,Apeks,1,9806,FURIA,8297,3,Best of 5 (LAN),* Grand final,13670,1.14,1.30,8248,1.10,0.99,18790,1.07,0.98,19677,1.02,0.95,17450,0.95,0.90,15631,1.16,1.17,12553,1.13,1.09,2023,1.02,1.06,12521,1.01,0.91,10566,1.00,0.94,19,16
1,https://hltv.org/matches/2368331/havu-vs-furia-elisa-masters-espoo-2023,2368331,2023-12-01,,HAVU,0,7865,FURIA,8297,2,Best of 3 (LAN),* Semi-final,20625,1.02,0.92,11283,0.97,0.98,9271,0.95,0.83,9818,0.95,0.91,20593,0.89,0.78,15631,1.16,1.17,12553,1.13,1.09,2023,1.00,1.03,12521,1.00,0.91,10566,0.99,0.92,127,16
2,https://hltv.org/matches/2368332/apeks-vs-ence-elisa-masters-espoo-2023,2368332,2023-12-01,,Apeks,2,9806,ENCE,4869,0,Best of 3 (LAN),* Semi-final,13670,1.14,1.29,8248,1.11,1.00,18790,1.07,0.99,19677,1.02,0.96,17450,0.96,0.91,9436,1.20,1.21,19164,1.16,1.24,11777,1.04,0.98,16080,1.03,0.93,7412,1.03,0.99,19,4
3,https://hltv.org/matches/2368330/furia-vs-mouz-elisa-masters-espoo-2023,2368330,2023-11-30,,FURIA,2,8297,MOUZ,4494,0,Best of 3 (LAN),* Group B decider match,15631,1.14,1.14,12553,1.12,1.10,2023,1.00,1.03,12521,0.99,0.90,10566,0.98,0.92,9960,1.17,1.19,18072,1.14,1.24,18850,1.13,1.21,20312,1.11,1.01,16820,0.98,0.88,16,3
4,https://hltv.org/matches/2368329/gamerlegion-vs-ence-elisa-masters-espoo-2023,2368329,2023-11-30,,GamerLegion,1,9928,ENCE,4869,2,Best of 3 (LAN),* Group A decider match,2553,1.08,1.01,20358,1.02,0.96,10330,1.00,1.00,17937,0.95,0.85,15117,0.93,0.85,9436,1.22,1.23,19164,1.15,1.23,11777,1.04,0.99,16080,1.04,0.93,7412,1.01,0.96,12,4
5,https://hltv.org/matches/2368328/mouz-vs-complexity-elisa-masters-espoo-2023,2368328,2023-11-29,,MOUZ,2,4494,Complexity,5005,1,Best of 3 (LAN),* Group B elimination match,9960,1.19,1.21,18072,1.15,1.25,18850,1.14,1.22,20312,1.11,1.01,16820,0.98,0.88,8738,1.20,1.16,12713,1.12,1.07,13578,1.08,1.06,12840,1.07,1.11,11630,0.95,0.86,3,5
6,https://hltv.org/matches/2368327/apeks-vs-furia-elisa-masters-espoo-2023,2368327,2023-11-29,,Apeks,2,9806,FURIA,8297,0,Best of 3 (LAN),* Group B winners' match,13670,1.13,1.28,8248,1.12,1.01,18790,1.07,0.99,19677,1.02,0.96,17450,0.96,0.91,15631,1.17,1.18,12553,1.13,1.10,12521,1.00,0.91,2023,0.99,1.02,10566,0.98,0.91,19,16
7,https://hltv.org/matches/2368324/complexity-vs-furia-elisa-masters-espoo-2023,2368324,2023-11-29,,Complexity,8,5005,FURIA,8297,13,Best of 1 (LAN),* Group B opening match,8738,1.20,1.16,12713,1.12,1.07,13578,1.08,1.06,12840,1.07,1.11,11630,0.95,0.86,15631,1.17,1.18,12553,1.13,1.10,12521,1.00,0.91,2023,0.99,1.02,10566,0.98,0.91,5,16
8,https://hltv.org/matches/2368323/mouz-vs-apeks-elisa-masters-espoo-2023,2368323,2023-11-29,,MOUZ,16,4494,Apeks,9806,19,Best of 1 (LAN),* Group B opening match,9960,1.19,1.21,18072,1.15,1.25,18850,1.14,1.22,20312,1.11,1.01,16820,0.98,0.88,13670,1.13,1.28,8248,1.12,1.01,18790,1.07,0.99,19677,1.02,0.96,17450,0.96,0.91,3,19
9,https://hltv.org/matches/2368326/ence-vs-fnatic-elisa-masters-espoo-2023,2368326,2023-11-28,,ENCE,2,4869,fnatic,4991,1,Best of 3 (LAN),* Group A elimination match,9436,1.20,1.22,19164,1.17,1.27,16080,1.04,0.93,11777,1.03,0.98,7412,0.97,0.90,7528,1.02,1.01,19926,0.99,0.95,21062,0.92,0.84,8374,0.81,0.75,20170,0.74,0.60,4,
10,https://hltv.org/matches/2368325/havu-vs-gamerlegion-elisa-masters-espoo-2023,2368325,2023-11-28,,HAVU,2,7865,GamerLegion,9928,1,Best of 3 (LAN),* Group A winners' match,20625,1.04,0.95,11283,0.99,1.00,9818,0.96,0.93,9271,0.95,0.82,20593,0.90,0.79,2553,1.06,0.99,20358,1.04,0.98,10330,0.99,0.99,17937,0.95,0.86,15117,0.95,0.86,127,12
11,https://hltv.org/matches/2368322/gamerlegion-vs-fnatic-elisa-masters-espoo-2023,2368322,2023-11-28,,GamerLegion,13,9928,fnatic,4991,8,Best of 1 (LAN),* Group A opening match,2553,1.06,0.99,20358,1.04,0.98,10330,0.99,0.99,17937,0.95,0.86,15117,0.95,0.86,7528,1.02,1.01,19926,0.99,0.95,21062,0.92,0.84,8374,0.81,0.75,20170,0.74,0.60,12,
12,https://hltv.org/matches/2368321/ence-vs-havu-elisa-masters-espoo-2023,2368321,2023-11-28,,ENCE,6,4869,HAVU,7865,13,Best of 1 (LAN),* Group A opening match,9436,1.20,1.22,19164,1.17,1.27,16080,1.04,0.93,11777,1.03,0.98,7412,0.97,0.90,20625,1.04,0.95,11283,0.99,1.00,9818,0.96,0.93,9271,0.95,0.82,20593,0.90,0.79,4,127
0,https://hltv.org/matches/2368241/monte-vs-eternal-fire-esl-challenger-jnkping-2023,2368241,2023-11-25,,Monte,2,11811,Eternal Fire,11251,0,Best of 3 (LAN),* Grand final,16885,1.15,1.18,12731,1.10,1.06,20282,1.08,1.01,19733,1.08,1.02,16717,1.04,0.97,7938,1.28,1.24,21243,1.09,1.03,8574,1.05,1.08,8575,0.96,0.94,150,0.92,0.83,7,14
1,https://hltv.org/matches/2368240/eternal-fire-vs-mibr-esl-challenger-jnkping-2023,2368240,2023-11-25,,Eternal Fire,2,11251,MIBR,9215,1,Best of 3 (LAN),* Semi-final,7938,1.28,1.24,21243,1.09,1.03,8574,1.05,1.08,8575,0.96,0.94,150,0.92,0.83,21037,1.14,1.09,18835,1.09,1.12,20987,1.09,1.02,11154,1.08,1.09,19750,0.98,0.90,14,21
2,https://hltv.org/matches/2368239/monte-vs-virtuspro-esl-challenger-jnkping-2023,2368239,2023-11-25,,Monte,2,11811,Virtus.pro,5378,1,Best of 3 (LAN),* Semi-final,16885,1.15,1.18,12731,1.10,1.06,20282,1.08,1.01,19733,1.08,1.02,16717,1.04,0.97,13776,1.17,1.39,12732,1.14,1.04,8789,1.05,1.00,20101,1.04,1.05,16612,1.02,0.93,7,10
3,https://hltv.org/matches/2368238/nouns-vs-eternal-fire-esl-challenger-jnkping-2023,2368238,2023-11-24,,Nouns,0,11948,Eternal Fire,11251,2,Best of 3 (LAN),* Group A decider match,10892,1.14,1.11,9571,1.07,1.04,16546,1.07,1.03,17918,1.05,0.96,16647,1.03,1.00,7938,1.26,1.23,21243,1.07,1.01,8574,1.04,1.08,8575,0.94,0.92,150,0.92,0.84,42,14
4,https://hltv.org/matches/2368237/virtuspro-vs-gamerlegion-esl-challenger-jnkping-2023,2368237,2023-11-24,,Virtus.pro,2,5378,GamerLegion,9928,0,Best of 3 (LAN),* Group B decider match,13776,1.18,1.41,12732,1.14,1.04,8789,1.05,1.00,20101,1.04,1.05,16612,1.02,0.93,20358,1.03,0.96,2553,1.03,0.92,10330,0.98,0.99,17937,0.92,0.83,15117,0.92,0.82,10,12
5,https://hltv.org/matches/2368236/tyloo-vs-eternal-fire-esl-challenger-jnkping-2023,2368236,2023-11-24,,TYLOO,0,4863,Eternal Fire,11251,2,Best of 3 (LAN),* Group A elimination match,19645,1.15,1.20,21621,1.14,1.11,20895,1.11,1.00,8950,1.09,1.13,8600,0.76,0.64,7938,1.26,1.23,21243,1.07,1.01,8574,1.04,1.08,8575,0.94,0.92,150,0.92,0.84,29,14
6,https://hltv.org/matches/2368235/3dmax-vs-gamerlegion-esl-challenger-jnkping-2023,2368235,2023-11-23,,3DMAX,1,4683,GamerLegion,9928,2,Best of 3 (LAN),* Group B elimination match,19738,1.20,1.03,19739,1.11,1.15,13138,1.02,1.02,9656,0.99,1.02,13497,0.86,0.64,20358,1.04,0.96,2553,1.02,0.93,10330,0.99,1.00,17937,0.93,0.82,15117,0.92,0.83,30,12
7,https://hltv.org/matches/2368234/virtuspro-vs-mibr-esl-challenger-jnkping-2023,2368234,2023-11-23,,Virtus.pro,22,5378,MIBR,9215,25,Best of 1 (LAN),* Group B winners' match,13776,1.20,1.45,12732,1.14,1.05,20101,1.07,1.07,8789,1.05,1.01,16612,1.01,0.93,21037,1.15,1.11,18835,1.09,1.12,20987,1.09,1.02,11154,1.08,1.09,19750,0.98,0.90,10,21
8,https://hltv.org/matches/2368233/monte-vs-nouns-esl-challenger-jnkping-2023,2368233,2023-11-23,,Monte,13,11811,Nouns,11948,8,Best of 1 (LAN),* Group A winners' match,16885,1.16,1.20,19733,1.10,1.04,12731,1.09,1.04,20282,1.07,1.00,16717,1.03,0.95,10892,1.14,1.11,16546,1.07,1.02,9571,1.07,1.04,17918,1.05,0.95,16647,1.04,1.03,7,42
9,https://hltv.org/matches/2368232/mibr-vs-gamerlegion-esl-challenger-jnkping-2023,2368232,2023-11-23,,MIBR,13,9215,GamerLegion,9928,9,Best of 1 (LAN),* Group B opening match,21037,1.15,1.11,18835,1.09,1.12,20987,1.09,1.02,11154,1.08,1.09,19750,0.98,0.90,20358,1.04,0.96,2553,1.02,0.93,10330,0.99,1.00,17937,0.93,0.82,15117,0.92,0.83,21,12
10,https://hltv.org/matches/2368231/virtuspro-vs-3dmax-esl-challenger-jnkping-2023,2368231,2023-11-23,,Virtus.pro,13,5378,3DMAX,4683,9,Best of 1 (LAN),* Group B opening match,13776,1.20,1.45,12732,1.14,1.05,20101,1.07,1.07,8789,1.05,1.01,16612,1.01,0.93,19738,1.20,1.03,19739,1.11,1.15,13138,1.02,1.02,9656,0.99,1.02,13497,0.86,0.64,10,30
11,https://hltv.org/matches/2368230/nouns-vs-eternal-fire-esl-challenger-jnkping-2023,2368230,2023-11-23,,Nouns,13,11948,Eternal Fire,11251,11,Best of 1 (LAN),* Group A opening match,10892,1.14,1.11,16546,1.07,1.02,9571,1.07,1.04,17918,1.05,0.95,16647,1.04,1.03,7938,1.25,1.21,21243,1.04,0.97,8574,1.03,1.07,8575,0.92,0.88,150,0.91,0.82,42,14
12,https://hltv.org/matches/2368229/monte-vs-tyloo-esl-challenger-jnkping-2023,2368229,2023-11-23,,Monte,13,11811,TYLOO,4863,5,Best of 1 (LAN),* Group A opening match,16885,1.16,1.20,19733,1.10,1.04,12731,1.09,1.04,20282,1.07,1.00,16717,1.03,0.95,19645,1.18,1.23,21621,1.17,1.15,20895,1.12,1.02,8950,1.11,1.16,8600,0.78,0.66,7,29
0,https://hltv.org/matches/2368041/vitality-vs-faze-blast-premier-fall-final-2023,2368041,2023-11-25,,Vitality,2,9565,FaZe,6667,0,Best of 3 (LAN),* Grand final,11893,1.28,1.38,18221,1.26,1.33,16693,1.09,1.05,7322,0.99,0.91,18462,0.96,0.89,11816,1.21,1.30,18053,1.15,1.14,8183,1.09,0.99,10394,1.07,1.06,429,0.92,0.80,5,1
1,https://hltv.org/matches/2368040/faze-vs-complexity-blast-premier-fall-final-2023,2368040,2023-11-24,,FaZe,2,6667,Complexity,5005,1,Best of 3 (LAN),* Semi-final,11816,1.21,1.30,18053,1.15,1.15,8183,1.09,1.00,10394,1.08,1.08,429,0.93,0.81,8738,1.23,1.22,12713,1.14,1.12,13578,1.12,1.12,12840,1.11,1.17,11630,1.00,0.91,1,6
2,https://hltv.org/matches/2368039/vitality-vs-cloud9-blast-premier-fall-final-2023,2368039,2023-11-24,,Vitality,2,9565,Cloud9,5752,1,Best of 3 (LAN),* Semi-final,11893,1.28,1.37,18221,1.26,1.33,16693,1.06,1.02,7322,0.98,0.89,18462,0.94,0.89,8918,1.14,1.06,16555,1.08,1.02,16947,1.06,1.12,8528,0.99,0.91,11840,0.93,0.87,5,11
3,https://hltv.org/matches/2368038/natus-vincere-vs-complexity-blast-premier-fall-final-2023,2368038,2023-11-23,,Natus Vincere,1,4608,Complexity,5005,2,Best of 3 (LAN),* Quarter-final,18987,1.16,1.19,20127,1.13,1.19,19206,1.09,1.06,14759,1.06,1.00,9816,1.02,0.92,8738,1.21,1.18,12713,1.12,1.10,12840,1.12,1.18,13578,1.11,1.10,11630,1.00,0.92,8,6
4,https://hltv.org/matches/2368037/cloud9-vs-heroic-blast-premier-fall-final-2023,2368037,2023-11-23,,Cloud9,2,5752,HEROIC,7175,0,Best of 3 (LAN),* Quarter-final,8918,1.14,1.06,16555,1.08,1.02,16947,1.07,1.13,8528,1.00,0.92,11840,0.94,0.87,7398,1.18,1.13,14148,1.04,0.98,12018,1.04,0.93,20090,0.94,0.97,,,,11,32
5,https://hltv.org/matches/2368036/vitality-vs-complexity-blast-premier-fall-final-2023,2368036,2023-11-22,,Vitality,2,9565,Complexity,5005,1,Best of 3 (LAN),"* Group B upper bracket final. Winner advances to playoff semi-finals, losing team proceeds to the quarter-finals.",18221,1.29,1.39,11893,1.27,1.35,16693,1.06,1.02,18462,1.00,0.92,7322,0.97,0.91,8738,1.20,1.18,12840,1.13,1.20,13578,1.11,1.11,12713,1.11,1.09,11630,1.00,0.93,5,6
6,https://hltv.org/matches/2368035/heroic-vs-astralis-blast-premier-fall-final-2023,2368035,2023-11-22,,HEROIC,2,7175,Astralis,6665,0,Best of 3 (LAN),"* Group B lower bracket final. Winner advances to the playoff quarter-finals, losing team is eliminated.",7398,1.19,1.14,14148,1.05,0.99,12018,1.04,0.93,20090,0.95,0.97,,,,15165,1.27,1.36,7592,1.17,1.22,20941,1.03,0.96,20304,0.98,0.92,9896,0.88,0.78,32,9
7,https://hltv.org/matches/2368034/faze-vs-cloud9-blast-premier-fall-final-2023,2368034,2023-11-22,,FaZe,2,6667,Cloud9,5752,1,Best of 3 (LAN),"* Group A upper bracket final. Winner advances to playoff semi-finals, losing team proceeds to the quarter-finals.",11816,1.22,1.32,18053,1.16,1.16,8183,1.09,0.99,10394,1.09,1.09,429,0.92,0.81,8918,1.13,1.05,16555,1.08,1.02,16947,1.07,1.14,8528,0.99,0.90,11840,0.96,0.92,1,11
8,https://hltv.org/matches/2368033/ninjas-in-pyjamas-vs-natus-vincere-blast-premier-fall-final-2023,2368033,2023-11-22,,Ninjas in Pyjamas,0,4411,Natus Vincere,4608,2,Best of 3 (LAN),"* Group A lower bracket final. Winner advances to the playoff quarter-finals, losing team is eliminated.",19592,1.06,1.13,9278,1.06,1.05,9078,1.00,0.92,8611,0.85,0.72,8371,0.81,0.69,20127,1.24,1.36,18987,1.16,1.20,19206,1.12,1.09,14759,1.06,1.00,9816,1.02,0.93,24,8
9,https://hltv.org/matches/2368032/complexity-vs-astralis-blast-premier-fall-final-2023,2368032,2023-11-21,,Complexity,2,5005,Astralis,6665,0,Best of 3 (LAN),* Group B upper bracket semi-final,8738,1.21,1.19,12840,1.14,1.21,12713,1.13,1.11,13578,1.12,1.13,11630,1.01,0.94,15165,1.28,1.40,7592,1.15,1.21,20941,1.04,0.97,20304,0.99,0.94,9896,0.89,0.80,6,9
10,https://hltv.org/matches/2368031/vitality-vs-heroic-blast-premier-fall-final-2023,2368031,2023-11-21,,Vitality,2,9565,HEROIC,7175,0,Best of 3 (LAN),* Group B upper bracket semi-final,18221,1.32,1.43,11893,1.23,1.29,16693,1.03,0.96,18462,1.00,1.00,7322,0.95,0.88,7398,1.20,1.15,12018,1.03,0.93,14148,1.03,0.96,20090,0.76,0.68,,,,5,32
11,https://hltv.org/matches/2368030/cloud9-vs-natus-vincere-blast-premier-fall-final-2023,2368030,2023-11-21,,Cloud9,2,5752,Natus Vincere,4608,1,Best of 3 (LAN),* Group A upper bracket semi-final,8918,1.12,1.04,16947,1.07,1.15,16555,1.07,1.01,11840,1.01,1.00,8528,1.00,0.92,20127,1.30,1.51,18987,1.15,1.19,19206,1.10,1.07,14759,1.05,0.98,9816,1.02,0.93,11,8
12,https://hltv.org/matches/2368029/faze-vs-ninjas-in-pyjamas-blast-premier-fall-final-2023,2368029,2023-11-21,,FaZe,2,6667,Ninjas in Pyjamas,4411,0,Best of 3 (LAN),* Group A upper bracket semi-final,11816,1.22,1.33,18053,1.16,1.16,10394,1.09,1.09,8183,1.08,0.99,429,0.91,0.80,9278,1.07,1.07,19592,1.07,1.13,9078,0.99,0.92,8371,0.85,0.73,8611,0.85,0.72,1,24
0,https://hltv.org/matches/2368184/9-pandas-vs-eternal-fire-pari-please-2023,2368184,2023-11-19,,9 Pandas,3,11883,Eternal Fire,11251,0,Best of 5 (LAN),* Grand final,20357,1.18,1.12,17508,1.11,1.04,12004,1.09,1.09,14273,1.09,1.14,3347,0.97,0.92,7938,1.24,1.18,8574,1.05,1.09,21243,1.03,0.97,8575,0.93,0.91,150,0.91,0.83,39,15
1,https://hltv.org/matches/2368183/eternal-fire-vs-mibr-pari-please-2023,2368183,2023-11-18,,Eternal Fire,2,11251,MIBR,9215,0,Best of 3 (LAN),* Semi-final,7938,1.26,1.20,8574,1.06,1.11,21243,1.04,0.96,8575,0.94,0.92,150,0.92,0.85,21037,1.15,1.10,18835,1.10,1.13,11154,1.08,1.08,20987,1.07,1.01,19750,0.99,0.91,15,24
2,https://hltv.org/matches/2368182/9-pandas-vs-furia-pari-please-2023,2368182,2023-11-18,,9 Pandas,2,11883,FURIA,8297,1,Best of 3 (LAN),* Semi-final,20357,1.17,1.11,17508,1.10,1.02,12004,1.09,1.09,14273,1.08,1.13,3347,0.97,0.91,15631,1.18,1.21,12553,1.14,1.12,2023,1.02,1.05,12521,1.01,0.92,10566,0.99,0.92,39,16
3,https://hltv.org/matches/2368176/mibr-vs-betboom-pari-please-2023,2368176,2023-11-17,,MIBR,2,9215,BetBoom,12394,0,Best of 3 (LAN),* Group A decider match,21037,1.15,1.10,18835,1.11,1.14,20987,1.09,1.03,11154,1.08,1.09,19750,0.99,0.92,15662,1.14,1.17,18506,1.10,1.08,19920,1.08,0.98,16921,1.04,0.96,22039,1.03,0.96,24,13
4,https://hltv.org/matches/2368181/furia-vs-aurora-pari-please-2023,2368181,2023-11-17,,FURIA,2,8297,Aurora,11861,1,Best of 3 (LAN),* Group B decider match,15631,1.18,1.22,12553,1.15,1.13,2023,1.03,1.07,12521,1.02,0.93,10566,0.98,0.91,20113,1.19,1.33,19236,1.14,1.08,19882,1.07,1.05,13240,1.01,0.89,18670,0.99,0.95,16,28
5,https://hltv.org/matches/2368180/parivision-vs-aurora-pari-please-2023,2368180,2023-11-16,,PARIVISION,1,12467,Aurora,11861,2,Best of 3 (LAN),* Group B elimination match,19235,1.06,0.99,13157,1.03,0.94,19575,1.01,0.94,12733,0.93,0.93,20207,0.88,0.77,20113,1.18,1.32,19236,1.14,1.09,19882,1.08,1.06,13240,1.01,0.90,18670,0.99,0.95,90,28
6,https://hltv.org/matches/2368179/eternal-fire-vs-furia-pari-please-2023,2368179,2023-11-16,,Eternal Fire,2,11251,FURIA,8297,0,Best of 3 (LAN),* Group B winners' match,7938,1.24,1.18,8574,1.06,1.10,21243,1.02,0.95,8575,0.94,0.91,150,0.92,0.83,15631,1.17,1.22,12553,1.14,1.12,2023,1.03,1.07,12521,1.02,0.94,10566,0.96,0.89,15,16
7,https://hltv.org/matches/2368175/movistar-riders-vs-betboom-pari-please-2023,2368175,2023-11-16,,Movistar Riders,1,7718,BetBoom,12394,2,Best of 3 (LAN),* Group A elimination match,21239,1.10,1.15,9254,1.02,0.94,19698,1.02,0.93,19509,1.01,0.91,8998,0.98,0.91,15662,1.15,1.19,18506,1.10,1.09,19920,1.09,1.00,16921,1.04,0.95,22039,1.03,0.96,18,13
8,https://hltv.org/matches/2368174/mibr-vs-9-pandas-pari-please-2023,2368174,2023-11-16,,MIBR,0,9215,9 Pandas,11883,2,Best of 3 (LAN),* Group A winners' match,21037,1.15,1.11,18835,1.10,1.14,20987,1.09,1.03,11154,1.07,1.08,19750,0.99,0.92,20357,1.18,1.12,17508,1.09,1.02,12004,1.09,1.09,14273,1.08,1.12,3347,0.97,0.91,24,39
9,https://hltv.org/matches/2368178/furia-vs-aurora-pari-please-2023,2368178,2023-11-15,,FURIA,2,8297,Aurora,11861,1,Best of 3 (LAN),* Group B opening match,15631,1.18,1.21,12553,1.14,1.12,2023,1.04,1.08,12521,1.02,0.93,10566,0.96,0.89,20113,1.17,1.28,19236,1.15,1.10,19882,1.08,1.05,13240,1.01,0.90,18670,1.00,0.97,16,28
10,https://hltv.org/matches/2368177/eternal-fire-vs-parivision-pari-please-2023,2368177,2023-11-15,,Eternal Fire,2,11251,PARIVISION,12467,0,Best of 3 (LAN),* Group B opening match,7938,1.24,1.17,8574,1.05,1.09,21243,1.03,0.96,8575,0.94,0.93,150,0.92,0.83,19235,1.06,0.98,13157,1.03,0.93,19575,1.02,0.97,12733,0.93,0.94,20207,0.90,0.80,15,90
11,https://hltv.org/matches/2368173/betboom-vs-9-pandas-pari-please-2023,2368173,2023-11-15,,BetBoom,0,12394,9 Pandas,11883,2,Best of 3 (LAN),* Group A opening match,15662,1.14,1.16,18506,1.10,1.09,19920,1.09,1.01,16921,1.03,0.94,22039,1.02,0.95,20357,1.17,1.11,17508,1.09,1.02,14273,1.08,1.14,12004,1.08,1.08,3347,0.96,0.91,13,39
12,https://hltv.org/matches/2368172/movistar-riders-vs-mibr-pari-please-2023,2368172,2023-11-15,,Movistar Riders,1,7718,MIBR,9215,2,Best of 3 (LAN),* Group A opening match,21239,1.10,1.14,19509,1.04,0.91,19698,1.04,0.94,9254,1.03,0.94,8998,0.98,0.91,21037,1.15,1.11,18835,1.11,1.15,20987,1.08,1.02,11154,1.06,1.08,19750,1.01,0.94,18,24
0,https://hltv.org/matches/2367848/mouz-vs-faze-cs-asia-championships-2023,2367848,2023-11-11,,MOUZ,0,4494,FaZe,6667,2,Best of 3 (LAN),* Grand final,9960,1.20,1.26,18850,1.16,1.27,18072,1.16,1.28,20312,1.11,1.02,16820,0.99,0.89,11816,1.22,1.30,18053,1.14,1.13,10394,1.08,1.08,8183,1.07,0.98,429,0.91,0.80,2,1
1,https://hltv.org/matches/2367847/faze-vs-ence-cs-asia-championships-2023,2367847,2023-11-11,,FaZe,2,6667,ENCE,4869,1,Best of 3 (LAN),* Semi-final,11816,1.22,1.30,18053,1.14,1.13,10394,1.08,1.08,8183,1.07,0.98,429,0.91,0.80,9436,1.21,1.27,19164,1.18,1.29,16080,1.09,1.00,11777,1.03,0.98,922,0.90,0.81,1,4
2,https://hltv.org/matches/2367846/astralis-vs-mouz-cs-asia-championships-2023,2367846,2023-11-11,,Astralis,1,6665,MOUZ,4494,2,Best of 3 (LAN),* Semi-final,15165,1.30,1.43,7592,1.16,1.23,20941,1.05,0.99,20304,1.00,0.94,9896,0.92,0.84,9960,1.20,1.26,18850,1.16,1.27,18072,1.16,1.28,20312,1.11,1.02,16820,0.99,0.89,12,2
3,https://hltv.org/matches/2367845/ence-vs-ninjas-in-pyjamas-cs-asia-championships-2023,2367845,2023-11-10,,ENCE,2,4869,Ninjas in Pyjamas,4411,1,Best of 3 (LAN),* Quarter-final,9436,1.20,1.27,19164,1.18,1.29,16080,1.09,1.00,11777,1.04,0.99,922,0.89,0.80,19592,1.08,1.16,9278,1.08,1.09,9078,0.99,0.92,8611,0.86,0.72,,,,4,27
4,https://hltv.org/matches/2367844/lynn-vision-vs-mouz-cs-asia-championships-2023,2367844,2023-11-10,,Lynn Vision,0,8840,MOUZ,4494,2,Best of 3 (LAN),* Quarter-final,18744,1.09,1.05,20254,1.06,0.98,20702,1.04,1.10,16551,1.01,0.92,22922,1.00,0.93,9960,1.21,1.28,18072,1.21,1.36,18850,1.14,1.22,20312,1.12,1.02,16820,1.00,0.91,29,2
5,https://hltv.org/matches/2367843/wings-up-vs-ninjas-in-pyjamas-cs-asia-championships-2023,2367843,2023-11-08,,Wings Up,0,10851,Ninjas in Pyjamas,4411,2,Best of 3 (LAN),"* Group B lower bracket final. Winner advances to playoff quarter-finals, losing team is eliminated.",9911,1.09,1.04,13567,1.07,1.08,10722,1.02,0.91,16872,1.01,0.97,16768,1.00,0.93,19592,1.10,1.19,9278,1.06,1.07,9078,0.99,0.91,8611,0.87,0.75,,,,118,27
6,https://hltv.org/matches/2367842/mouz-vs-faze-cs-asia-championships-2023,2367842,2023-11-08,,MOUZ,1,4494,FaZe,6667,2,Best of 3 (LAN),"* Group B upper bracket final. Winner advances to playoff semi-finals, losing team proceeds to quarter-finals.",9960,1.21,1.26,18072,1.20,1.35,18850,1.12,1.19,20312,1.11,1.02,16820,1.00,0.91,11816,1.22,1.31,18053,1.17,1.19,10394,1.09,1.10,8183,1.07,0.97,429,0.90,0.79,2,1
7,https://hltv.org/matches/2367839/faze-vs-ninjas-in-pyjamas-cs-asia-championships-2023,2367839,2023-11-08,,FaZe,28,6667,Ninjas in Pyjamas,4411,25,Best of 1 (LAN),* Group B upper bracket semi-final,11816,1.22,1.31,18053,1.17,1.19,10394,1.09,1.10,8183,1.07,0.97,429,0.90,0.79,19592,1.10,1.19,9278,1.06,1.07,9078,0.99,0.91,8611,0.87,0.75,,,,1,27
8,https://hltv.org/matches/2367838/mouz-vs-wings-up-cs-asia-championships-2023,2367838,2023-11-08,,MOUZ,13,4494,Wings Up,10851,2,Best of 1 (LAN),* Group B upper bracket semi-final,9960,1.21,1.26,18072,1.20,1.35,18850,1.12,1.19,20312,1.11,1.02,16820,1.00,0.91,9911,1.09,1.04,13567,1.07,1.08,10722,1.02,0.91,16872,1.01,0.97,16768,1.00,0.93,2,118
9,https://hltv.org/matches/2367841/tyloo-vs-lynn-vision-cs-asia-championships-2023,2367841,2023-11-07,,TYLOO,1,4863,Lynn Vision,8840,2,Best of 3 (LAN),"* Group A lower bracket final. Winner advances to playoff quarter-finals, losing team is eliminated.",19645,1.21,1.32,21621,1.20,1.20,20895,1.11,1.01,8950,1.11,1.18,8600,0.75,0.60,18744,1.11,1.07,20254,1.09,1.01,20702,1.06,1.13,16551,1.03,0.95,22922,1.03,0.97,22,29
10,https://hltv.org/matches/2367840/ence-vs-astralis-cs-asia-championships-2023,2367840,2023-11-07,,ENCE,1,4869,Astralis,6665,2,Best of 3 (LAN),"* Group A upper bracket final. Winner advances to playoff semi-finals, losing team proceeds to quarter-finals.",19164,1.21,1.32,9436,1.20,1.26,16080,1.09,1.00,11777,1.04,0.99,922,0.88,0.79,15165,1.32,1.47,7592,1.14,1.22,20941,1.06,1.00,20304,0.99,0.94,9896,0.91,0.82,4,12
11,https://hltv.org/matches/2367837/astralis-vs-lynn-vision-cs-asia-championships-2023,2367837,2023-11-07,,Astralis,13,6665,Lynn Vision,8840,4,Best of 1 (LAN),* Group A upper bracket semi-final,15165,1.32,1.47,7592,1.14,1.22,20941,1.06,1.00,20304,0.99,0.94,9896,0.91,0.82,18744,1.11,1.07,20254,1.09,1.01,20702,1.06,1.13,16551,1.03,0.95,22922,1.03,0.97,12,29
12,https://hltv.org/matches/2367836/ence-vs-tyloo-cs-asia-championships-2023,2367836,2023-11-07,,ENCE,13,4869,TYLOO,4863,7,Best of 1 (LAN),* Group A upper bracket semi-final,19164,1.21,1.32,9436,1.20,1.26,16080,1.09,1.00,11777,1.04,0.99,922,0.88,0.79,19645,1.21,1.32,21621,1.20,1.20,20895,1.11,1.01,8950,1.11,1.18,8600,0.75,0.60,4,22
